<?xml version="1.0" encoding="UTF-8"?>
<!--

     Copyright (c) 2009-2010 Misys Open Source Solutions (MOSS) and others

     Licensed under the Apache License, Version 2.0 (the "License");
     you may not use this file except in compliance with the License.
     You may obtain a copy of the License at

        http://www.apache.org/licenses/LICENSE-2.0

     Unless required by applicable law or agreed to in writing, software
     distributed under the License is distributed on an "AS IS" BASIS,
     WITHOUT WARRANTIES OR CONDITIONS OF ANY KIND, either express or
     implied. See the License for the specific language governing
     permissions and limitations under the License.

     Contributors:
       Misys Open Source Solutions - initial API and implementation


-->
<!--Note: This file is the starting point of All the Actor configuration;
	all other config files should be linked from here. -->

<!--Each configuration file has a root Configuration tag-->
<Configuration>
<StandardConnection name="nist-arr-bsd">
		<HostName>nist1.ihe.net</HostName>
		<Port>8087</Port>
		<Property name="TYPE" value="BSD SYSLOG" />
		<PropertySet name="localhost">
			<Entry name="MACHINENAME" value="misys1" />
			<Entry name="HOSTNAME" value="misys1" />
			<Entry name="IP" value="10.242.0.51" />
			<Entry name="SITE" value="MISYS" />
			<Entry name="SOURCE" value="MISYS" />
			<Entry name="APPNAME" value="OpenXDS" />
			<Entry name="FACILITY" value="MISYS" />
			<!--Entry value="AENAME=ER_MISYS" name="AENAME"/-->
		</PropertySet>
		<PropertySet name="ParticipantObject">
			<Entry name="PatientNameEncoding" value="HL7" />
			<Entry name="PatientIdEncoding" value="HL7" />
		</PropertySet>
	</StandardConnection>

	<StandardConnection name="log4j_audittrail">
		<Property name="TYPE" value="LOG4J LOGGER" />
		<PropertySet name="localhost">
			<Entry name="MACHINENAME" value="misys1" />
			<Entry name="HOSTNAME" value="misys1" />
			<Entry name="IP" value="10.242.0.51" />
			<Entry name="SITE" value="MISYS" />
			<Entry name="SOURCE" value="MISYS" />
			<Entry name="APPNAME" value="OpenXDS" />
			<Entry name="FACILITY" value="MISYS" />
		</PropertySet>
		<PropertySet name="ParticipantObject">
			<Entry name="PatientNameEncoding" value="HL7" />
			<Entry name="PatientIdEncoding" value="HL7" />
		</PropertySet>
	</StandardConnection>

	<StandardConnection name="mesa_arr_udp">
		<HostName>ihe-kudu.wustl.edu</HostName>
		<Port>4001</Port>
		<Property name="TYPE" value="UDP SYSLOG" />
		<PropertySet name="localhost">
			<Entry name="MACHINENAME" value="misys1" />
			<Entry name="HOSTNAME" value="misys1" />
			<Entry name="IP" value="10.242.0.151" />
			<Entry name="SITE" value="MISYS" />
			<Entry name="SOURCE" value="MISYS" />
			<Entry name="APPNAME" value="OpenXDS" />
			<Entry name="FACILITY" value="MISYS" />
			<!--Entry value="AENAME=ER_MISYS" name="AENAME"/-->
		</PropertySet>
		<PropertySet name="ParticipantObject">
			<Entry name="PatientNameEncoding" value="HL7" />
			<Entry name="PatientIdEncoding" value="HL7" />
		</PropertySet>
	</StandardConnection>
	
	<StandardConnection name="ibm_arr_udp">
		<HostName>ibm1</HostName>
		<Port>514</Port>
		<Property name="TYPE" value="UDP SYSLOG" />
		<PropertySet name="localhost">
			<Entry name="MACHINENAME" value="misys1" />
			<Entry name="HOSTNAME" value="misys1" />
			<Entry name="IP" value="10.243.0.151" />
			<Entry name="SITE" value="MISYS" />
			<Entry name="SOURCE" value="MISYS" />
			<Entry name="APPNAME" value="OpenXDS" />
			<Entry name="FACILITY" value="MISYS" />
			<!--Entry value="AENAME=ER_MISYS" name="AENAME"/-->
		</PropertySet>
		<PropertySet name="ParticipantObject">
			<Entry name="PatientNameEncoding" value="HL7" />
			<Entry name="PatientIdEncoding" value="HL7" />
		</PropertySet>
	</StandardConnection>
	
	<StandardConnection name="misys_arr_udp">
		<HostName>localhost</HostName>
		<Port>2863</Port>
		<Property name="TYPE" value="UDP SYSLOG" />
		<PropertySet name="localhost">
			<Entry name="MACHINENAME" value="misys1" />
			<Entry name="HOSTNAME" value="misys1" />
			<Entry name="IP" value="10.243.0.151" />
			<Entry name="SITE" value="MISYS" />
			<Entry name="SOURCE" value="MISYS" />
			<Entry name="APPNAME" value="OpenXDS" />
			<Entry name="FACILITY" value="MISYS" />
			<!--Entry value="AENAME=ER_MISYS" name="AENAME"/-->
		</PropertySet>
		<PropertySet name="ParticipantObject">
			<Entry name="PatientNameEncoding" value="HL7" />
			<Entry name="PatientIdEncoding" value="HL7" />
		</PropertySet>
	</StandardConnection>
	<SecureConnection name="misys_arr_tls">
		<HostName>localhost</HostName>
		<Port>2862</Port>
		<Property name="TYPE" value="TLS SYSLOG" />
		<PropertySet name="localhost">
			<Entry name="MACHINENAME" value="misys1" />
			<Entry name="HOSTNAME" value="misys1" />
			<Entry name="IP" value="10.243.0.151" />
			<Entry name="SITE" value="MISYS" />
			<Entry name="SOURCE" value="MISYS" />
			<Entry name="APPNAME" value="OpenXDS" />
			<Entry name="FACILITY" value="MISYS" />
			<!--Entry value="AENAME=ER_MISYS" name="AENAME"/-->
		</PropertySet>
		<PropertySet name="ParticipantObject">
			<Entry name="PatientNameEncoding" value="HL7" />
			<Entry name="PatientIdEncoding" value="HL7" />
		</PropertySet>
		<PropertySet name="MessageTransmission">
		    <!--Defines message transmission mode: Asynchronous, Synchronous--> 
			<Entry name="Asynchronous" value="true" />
		    <!--Defines the time interval between two transmissions in milliseconds --> 
			<Entry name="TransmissionInterval" value="10000" /> 
		</PropertySet>		
		<!-- Trust and Keystore -->
		<KeyStore>certs/OpenXDS_2010_Keystore.p12</KeyStore>
		<KeyPass>password</KeyPass>
		<TrustStore>certs/OpenXDS_2010_Truststore.jks</TrustStore>
		<TrustPass>password</TrustPass>		
	</SecureConnection>
	
	
	<StandardConnection name="spirit_arr_udp">
		<HostName>tiani3</HostName>
		<Port>5555</Port>
		<Property name="TYPE" value="UDP SYSLOG" />
		<PropertySet name="localhost">
			<Entry name="MACHINENAME" value="misys1" />
			<Entry name="HOSTNAME" value="misys1" />
			<Entry name="IP" value="10.243.0.151" />
			<Entry name="SITE" value="MISYS" />
			<Entry name="SOURCE" value="MISYS" />
			<Entry name="APPNAME" value="OpenXDS" />
			<Entry name="FACILITY" value="MISYS" />
			<!--Entry value="AENAME=ER_MISYS" name="AENAME"/-->
		</PropertySet>
		<PropertySet name="ParticipantObject">
			<Entry name="PatientNameEncoding" value="HL7" />
			<Entry name="PatientIdEncoding" value="HL7" />
		</PropertySet>
	</StandardConnection>

	<StandardConnection name="sun_arr_udp">
		<HostName>sun1</HostName>
		<Port>4010</Port>
		<Property name="TYPE" value="UDP SYSLOG" />
		<PropertySet name="localhost">
			<Entry name="MACHINENAME" value="misys1" />
			<Entry name="HOSTNAME" value="misys1" />
			<Entry name="IP" value="10.243.0.151" />
			<Entry name="SITE" value="MISYS" />
			<Entry name="SOURCE" value="MISYS" />
			<Entry name="APPNAME" value="OpenXDS" />
			<Entry name="FACILITY" value="MISYS" />
			<!--Entry value="AENAME=ER_MISYS" name="AENAME"/-->
		</PropertySet>
		<PropertySet name="ParticipantObject">
			<Entry name="PatientNameEncoding" value="HL7" />
			<Entry name="PatientIdEncoding" value="HL7" />
		</PropertySet>
	</StandardConnection>

	<StandardConnection name="oracle_arr_udp">
		<HostName>sun1</HostName>
		<Port>514</Port>
		<Property name="TYPE" value="UDP SYSLOG" />
		<PropertySet name="localhost">
			<Entry name="MACHINENAME" value="misys1" />
			<Entry name="HOSTNAME" value="misys1" />
			<Entry name="IP" value="10.243.0.151" />
			<Entry name="SITE" value="MISYS" />
			<Entry name="SOURCE" value="MISYS" />
			<Entry name="APPNAME" value="OpenXDS" />
			<Entry name="FACILITY" value="MISYS" />
			<!--Entry value="AENAME=ER_MISYS" name="AENAME"/-->
		</PropertySet>
		<PropertySet name="ParticipantObject">
			<Entry name="PatientNameEncoding" value="HL7" />
			<Entry name="PatientIdEncoding" value="HL7" />
		</PropertySet>
	</StandardConnection>

	<SecureConnection name="ALLSCRIPTS-SECURE">
		<HostName>localhost</HostName>
		<Port>4300</Port>
		<Property name="NAME" value="mesa-test" />
		<Property name="URLPATH" value="./index" />
		<PropertySet name="localhost">
			<Entry name="MACHINENAME" value="misys1" />
			<Entry name="HOSTNAME" value="misys1" />
			<Entry name="IP" value="10.242.0.51" />
			<Entry name="SITE" value="MISYS" />
			<Entry name="SOURCE" value="MISYS" />
			<Entry name="APPNAME" value="OpenXDS" />
			<Entry name="FACILITY" value="MISYS" />
		</PropertySet>
		<PropertySet name="ParticipantObject">
			<Entry name="PatientNameEncoding" value="HL7" />
			<Entry name="PatientIdEncoding" value="HL7" />
		</PropertySet>
		<!-- Trust and Keystore -->
		<KeyStore>certs/mesa_keystore1_2009.p12</KeyStore>
		<KeyPass>password</KeyPass>
		<TrustStore>certs/mesa_truststore_2009.jks</TrustStore>
		<TrustPass>password</TrustPass>
	</SecureConnection>
	
	<StandardConnection name="xds-registry">
		<!--The host name of the Registry Server-->
		<HostName>localhost</HostName>
		<!--The port-->
		<Port>8010</Port>
		
		<Property name="sourceIds" value="1.3.6.1.4.1.21367.2010.1.2, 1.3.6.1.4.1.21367.2009.1.2"/>
	
        <Includefile name="XdsCodes.xml" />		
		
        <Identifier type="domain" name="GLOBAL">
			<NamespaceId>IHENA</NamespaceId>
			<UniversalId>1.3.6.1.4.1.21367.2010.1.2.300</UniversalId>
			<UniversalIdType>ISO</UniversalIdType>
        </Identifier>
	</StandardConnection>
	<SecureConnection name="secure-xds-registry">
		<!--The host name of the XDS Registry Server-->
		<HostName>localhost</HostName>
		<!--The port for TLS transaction-->
		<Port>8011</Port>

   		<Property name="sourceIds" value="1.3.6.1.4.1.21367.2010.1.2"/>
   
        <Includefile name="XdsCodes.xml" />		

        <Identifier type="domain" name="GLOBAL">
			<NamespaceId>IHENA</NamespaceId>
			<UniversalId>1.3.6.1.4.1.21367.2010.1.2.300</UniversalId>
			<UniversalIdType>ISO</UniversalIdType>
        </Identifier>

		<!-- Trust and Keystore -->
		<KeyStore>certs/OpenXDS_2010_Keystore.p12</KeyStore>
		<KeyPass>password</KeyPass>
		<TrustStore>certs/OpenXDS_2010_Truststore.jks</TrustStore>
		<TrustPass>password</TrustPass>
	</SecureConnection>

    <StandardConnection name="pix-registry">
        <!--The host name of the PIX Registry Server-->
        <HostName>localhost</HostName>
        <!--The port for PIX Feed transaction-->
        <Port>3602</Port>
        <Identifier name="ReceivingApplication">
            <NamespaceId>PAT_IDENTITY_X_REF_MGR_MISYS</NamespaceId>
            <!-- NamespaceId>MESA_XREF</NamespaceId-->
        </Identifier>
        <Identifier name="ReceivingFacility">
            <NamespaceId>ALLSCRIPTS</NamespaceId>
            <!-- NamespaceId>XYZ_HOSPITAL</NamespaceId-->
        </Identifier>
     
        <!-- If test is true, it will by pass the receiving application
             and receiving facility validation -->
        <Property name="test" value="true"/>

        <Identifier type="domain" name="GLOBAL">
			<NamespaceId>IHENA</NamespaceId>
			<UniversalId>1.3.6.1.4.1.21367.2010.1.2.300</UniversalId>
			<UniversalIdType>ISO</UniversalIdType>
        </Identifier>

    </StandardConnection>

    <SecureConnection name="secure-pix-registry">
        <!--The host name of the PIX Manager Server-->
        <HostName>localhost</HostName>
        <!--The port for PIX TLS transaction-->
        <Port>3612</Port>
        <Identifier name="ReceivingApplication">
            <NamespaceId>PAT_IDENTITY_X_REF_MGR_MISYS_TLS</NamespaceId>
        </Identifier>
        <Identifier name="ReceivingFacility">
            <NamespaceId>ALLSCRIPTS</NamespaceId>
        </Identifier>
     
        <!-- If test is true, it will by pass some receiving application
             and receiving facility validation -->
        <Property name="test" value="true"/>

	    <Identifier type="domain" name="GLOBAL">
			<NamespaceId>IHENA</NamespaceId>
			<UniversalId>1.3.6.1.4.1.21367.2010.1.2.300</UniversalId>
			<UniversalIdType>ISO</UniversalIdType>
        </Identifier>

		<!-- Trust and Keystore -->
		<KeyStore>certs/OpenXDS_2010_Keystore.p12</KeyStore>
		<KeyPass>password</KeyPass>
		<TrustStore>certs/OpenXDS_2010_Truststore.jks</TrustStore>
		<TrustPass>password</TrustPass>
    </SecureConnection>


	<StandardConnection name="xds-repository">
		<!--The host name of the XDS Repository Server-->
		<HostName>localhost</HostName>
		<!--The port-->
		<Port>8020</Port>
       
        <Includefile name="XdsCodes.xml" />		
	</StandardConnection>

	<SecureConnection name="secure-xds-repository">
		<!--The host name of the XDS Repository Server-->
		<HostName>localhost</HostName>
		<!--The port for TLS transaction-->
		<Port>8021</Port>

        <Includefile name="XdsCodes.xml" />		

		<!-- Trust and Keystore -->
		<KeyStore>certs/OpenXDS_2010_Keystore.p12</KeyStore>
		<KeyPass>password</KeyPass>
		<TrustStore>certs/OpenXDS_2010_Truststore.jks</TrustStore>
		<TrustPass>password</TrustPass>
	</SecureConnection>

	<StandardConnection name="xds-registry-client">
		<!--The host name of the XDS Registry Server-->
		<HostName>localhost</HostName>
		<!--The port-->
		<Port>8010</Port>
		<!--The URL of the XDS Registry web services -->
		<UrlPath>/axis2/services/xdsregistryb</UrlPath>		
	</StandardConnection>

	<SecureConnection name="secure-xds-registry-client">
		<!--The host name of the XDS Registry Server-->
		<HostName>localhost</HostName>
		<!--The port-->
		<Port>8011</Port>
		<!--The URL of the XDS Registry web services -->
		<UrlPath>/axis2/services/xdsregistryb</UrlPath>		

		<!-- Trust and Keystore -->
		<KeyStore>certs/OpenXDS_2010_Keystore.p12</KeyStore>
		<KeyPass>password</KeyPass>
		<TrustStore>certs/OpenXDS_2010_Truststore.jks</TrustStore>
		<TrustPass>password</TrustPass>
	</SecureConnection>

	<StandardConnection name="ibm-xds-registry-client">
		<!--The host name of the XDS Registry Server-->
		<HostName>xds-ibm.lgs.com</HostName>
		<!--The port-->
		<Port>9080</Port>
		<!--The URL of the XDS Registry web services -->
		<UrlPath>/IBMXDSRegistry/XDSb/SOAP12/Registry</UrlPath>		
	</StandardConnection>

	<SecureConnection name="ibm-secure-xds-registry-client">
		<!--The host name of the XDS Registry Server-->
		<HostName>xds-ibm.lgs.com</HostName>
		<!--The port-->
		<Port>9443</Port>
		<!--The URL of the XDS Registry web services -->
		<UrlPath>/IBMXDSRegistry/XDSb/SOAP12/Registry</UrlPath>		

		<!-- Trust and Keystore -->
		<KeyStore>certs/OpenXDS_2010_Keystore.p12</KeyStore>
		<KeyPass>password</KeyPass>
		<TrustStore>certs/OpenXDS_2010_Truststore.jks</TrustStore>
		<TrustPass>password</TrustPass>
	</SecureConnection>
	
<!--================================================================-->
<!-- The XDS Registry connections to which this Repository connects -->
<!-- All the connections below are used for Connecatathon NA 2010   -->
<!--================================================================-->
	<StandardConnection name="ibm-registry">
		<!-- 
		<HostName>xds-ibm.lgs.com</HostName>
		<Port>9080</Port>
		-->
		<HostName>ibm1</HostName>
		<Port>9085</Port>
		<UrlPath>/IBMXDSRegistry/XDSb/SOAP12/Registry</UrlPath>		
	</StandardConnection>
	<SecureConnection name="ibm-secure-registry">
		<!-- 
		<HostName>xds-ibm.lgs.com</HostName>
		<Port>9443</Port>
		-->
		<HostName>ibm1</HostName>
		<Port>9448</Port>
		<UrlPath>/IBMXDSRegistry/XDSb/SOAP12/Registry</UrlPath>		
		<!-- Trust and Keystore -->
		<KeyStore>certs/OpenXDS_2010_Keystore.p12</KeyStore>
		<KeyPass>password</KeyPass>
		<TrustStore>certs/OpenXDS_2010_Truststore.jks</TrustStore>
		<TrustPass>password</TrustPass>
	</SecureConnection>

	<StandardConnection name="microsoft-registry">
		<HostName>microsoft2</HostName>
		<Port>1025</Port>
		<UrlPath>/xdsservice/xdsregistry</UrlPath>		
	</StandardConnection>
	<SecureConnection name="microsoft-secure-registry">
		<HostName>microsoft2</HostName>
		<Port>9080</Port>
		<UrlPath>/xdsservice/xdsregistry</UrlPath>		
		<!-- Trust and Keystore -->
		<KeyStore>certs/OpenXDS_2010_Keystore.p12</KeyStore>
		<KeyPass>password</KeyPass>
		<TrustStore>certs/OpenXDS_2010_Truststore.jks</TrustStore>
		<TrustPass>password</TrustPass>
	</SecureConnection>

	<StandardConnection name="vangent-registry">
		<HostName>vangent1</HostName>
		<Port>8080</Port>
		<UrlPath>/axis2/services/xdsregistryb</UrlPath>		
	</StandardConnection>
	<SecureConnection name="vangent-secure-registry">
		<HostName>vangent1</HostName>
		<Port>8181</Port>
		<UrlPath>/axis2/services/xdsregistryb</UrlPath>		
		<!-- Trust and Keystore -->
		<KeyStore>certs/OpenXDS_2010_Keystore.p12</KeyStore>
		<KeyPass>password</KeyPass>
		<TrustStore>certs/OpenXDS_2010_Truststore.jks</TrustStore>
		<TrustPass>password</TrustPass>
	</SecureConnection>
	
	<StandardConnection name="axolotl-registry">
		<HostName>axolotl1</HostName>
		<Port>80</Port>
		<UrlPath>/xds/DocumentRegistry_Service</UrlPath>		
	</StandardConnection>
	<SecureConnection name="axolotl-secure-registry">
		<HostName>axolotl1</HostName>
		<Port>443</Port>
		<UrlPath>/xds/DocumentRegistry_Service</UrlPath>		
		<!-- Trust and Keystore -->
		<KeyStore>certs/OpenXDS_2010_Keystore.p12</KeyStore>
		<KeyPass>password</KeyPass>
		<TrustStore>certs/OpenXDS_2010_Truststore.jks</TrustStore>
		<TrustPass>password</TrustPass>
	</SecureConnection>

	<StandardConnection name="spirit-registry">
		<HostName>spirit6</HostName>
		<Port>8081</Port>
		<UrlPath>/XDS3/registry</UrlPath>		
	</StandardConnection>
	<SecureConnection name="spirit-secure-registry">
		<HostName>spirit6</HostName>
		<Port>8443</Port>
		<UrlPath>/XDS3/registry</UrlPath>		
		<!-- Trust and Keystore -->
		<KeyStore>certs/OpenXDS_2010_Keystore.p12</KeyStore>
		<KeyPass>password</KeyPass>
		<TrustStore>certs/OpenXDS_2010_Truststore.jks</TrustStore>
		<TrustPass>password</TrustPass>
	</SecureConnection>
	
	<StandardConnection name="intersystems-registry">
		<HostName>intersystems1</HostName>
		<Port>80</Port>
		<UrlPath>/csp/registry/EnsLib.IHE.XDSb.Registry.Services.cls</UrlPath>		
	</StandardConnection>
	<SecureConnection name="intersystems-secure-registry">
		<HostName>intersystems1</HostName>
		<Port>443</Port>
		<UrlPath>/registry/EnsLib.IHE.XDSb.Registry.Services.cls</UrlPath>		
		<!-- Trust and Keystore -->
		<KeyStore>certs/OpenXDS_2010_Keystore.p12</KeyStore>
		<KeyPass>password</KeyPass>
		<TrustStore>certs/OpenXDS_2010_Truststore.jks</TrustStore>
		<TrustPass>password</TrustPass>
	</SecureConnection>
	
	<StandardConnection name="alert-registry">
		<HostName>alert5</HostName>
		<Port>8080</Port>
		<UrlPath>/XDSRegistry/services/xdsb</UrlPath>		
	</StandardConnection>
	<SecureConnection name="alert-secure-registry">
		<HostName>alert5</HostName>
		<Port>443</Port>
		<UrlPath>/XDSRegistry/services/xdsb</UrlPath>		
		<!-- Trust and Keystore -->
		<KeyStore>certs/OpenXDS_2010_Keystore.p12</KeyStore>
		<KeyPass>password</KeyPass>
		<TrustStore>certs/OpenXDS_2010_Truststore.jks</TrustStore>
		<TrustPass>password</TrustPass>
	</SecureConnection>
	
	<StandardConnection name="icw-registry">
		<HostName>icw2</HostName>
		<Port>8080</Port>
		<UrlPath>/ehealth/webservices/xdsb-registerdocuments</UrlPath>		
	</StandardConnection>
	<SecureConnection name="icw-secure-registry">
		<HostName>icw2</HostName>
		<Port>8443</Port>
		<UrlPath>/ehealth/webservices/xdsb-registerdocuments</UrlPath>		
		<!-- Trust and Keystore -->
		<KeyStore>certs/OpenXDS_2010_Keystore.p12</KeyStore>
		<KeyPass>password</KeyPass>
		<TrustStore>certs/OpenXDS_2010_Truststore.jks</TrustStore>
		<TrustPass>password</TrustPass>
	</SecureConnection>

	<StandardConnection name="initiate-registry">
		<HostName>initiate1</HostName>
		<Port>8080</Port>
		<UrlPath>/Initiate-IHE/services/XDS_b_DocumentRegistry</UrlPath>		
	</StandardConnection>
	<SecureConnection name="initiate-secure-registry">
		<HostName>initiate1</HostName>
		<Port>8443</Port>
		<UrlPath>/Initiate-IHE/services/XDS_b_DocumentRegistry</UrlPath>		
		<!-- Trust and Keystore -->
		<KeyStore>certs/OpenXDS_2010_Keystore.p12</KeyStore>
		<KeyPass>password</KeyPass>
		<TrustStore>certs/OpenXDS_2010_Truststore.jks</TrustStore>
		<TrustPass>password</TrustPass>
	</SecureConnection>

	<StandardConnection name="carefx-registry">
		<!-- HostName>carefx1</HostName--> 
		<HostName>xdstest.carefx.com</HostName> 
		<Port>86</Port>
		<UrlPath>/axis2/services/DocumentRegistryService</UrlPath>		
	</StandardConnection>
	<SecureConnection name="carefx-secure-registry">
		<!-- HostName>carefx1</HostName--> 
		<HostName>xdstest.carefx.com</HostName> 
		<Port>84</Port>
		<UrlPath>/axis2/services/DocumentRegistryService</UrlPath>		
		<!-- Trust and Keystore -->
		<KeyStore>certs/OpenXDS_2010_Keystore.p12</KeyStore>
		<KeyPass>password</KeyPass>
		<TrustStore>certs/OpenXDS_2010_Truststore.jks</TrustStore>
		<TrustPass>password</TrustPass>
	</SecureConnection>

	<StandardConnection name="dbmotion-registry">
		<HostName>dbmotion1</HostName>
		<Port>51100</Port>
		<UrlPath>/xds/registry</UrlPath>		
	</StandardConnection>
	<SecureConnection name="dbmotion-secure-registry">
		<HostName>dbmotion1</HostName>
		<Port>51101</Port>
		<UrlPath>/xds/registry</UrlPath>		
		<!-- Trust and Keystore -->
		<KeyStore>certs/OpenXDS_2010_Keystore.p12</KeyStore>
		<KeyPass>password</KeyPass>
		<TrustStore>certs/OpenXDS_2010_Truststore.jks</TrustStore>
		<TrustPass>password</TrustPass>
	</SecureConnection>	
	
	<StandardConnection name="emc-registry">
		<HostName>emc_ihe1</HostName>
		<Port>9092</Port>
		<UrlPath>/mosaix-iti42</UrlPath>		
	</StandardConnection>
	<SecureConnection name="emc-secure-registry">
		<HostName>emc_ihe1</HostName>
		<Port>9091</Port>
		<UrlPath>/mosaix-iti42</UrlPath>		
		<!-- Trust and Keystore -->
		<KeyStore>certs/OpenXDS_2010_Keystore.p12</KeyStore>
		<KeyPass>password</KeyPass>
		<TrustStore>certs/OpenXDS_2010_Truststore.jks</TrustStore>
		<TrustPass>password</TrustPass>
	</SecureConnection>	
	
	<StandardConnection name="ebmtech-registry">
		<HostName>ebmtech2</HostName>
		<Port>80</Port>
		<UrlPath>/xds/xdsServerDllB.dll/register</UrlPath>		
	</StandardConnection>
	<SecureConnection name="ebmtech-secure-registry">
		<HostName>ebmtech2</HostName>
		<Port>443</Port>
		<UrlPath>/xds/xdsServerDllB.dll/register</UrlPath>		
		<!-- Trust and Keystore -->
		<KeyStore>certs/OpenXDS_2010_Keystore.p12</KeyStore>
		<KeyPass>password</KeyPass>
		<TrustStore>certs/OpenXDS_2010_Truststore.jks</TrustStore>
		<TrustPass>password</TrustPass>
	</SecureConnection>	


	<StandardConnection name="xca-rg">
		<!--The host name of the Responding Gateway Server-->
		<HostName>localhost</HostName>
		<!--The port-->
		<Port>8040</Port>
	</StandardConnection>
	<SecureConnection name="xca-secure-rg">
		<!--The host name of the Responding Gateway Server-->
		<HostName>localhost</HostName>
		<!--The port-->
		<Port>8041</Port>
		<!-- Trust and Keystore -->
		<KeyStore>certs/OpenXDS_2010_Keystore.p12</KeyStore>
		<KeyPass>password</KeyPass>
		<TrustStore>certs/OpenXDS_2010_Truststore.jks</TrustStore>
		<TrustPass>password</TrustPass>
	</SecureConnection>
	
	<StandardConnection name="misys-registry">
		<HostName>localhost</HostName>
		<Port>8010</Port>
		<UrlPath>/axis2/services/xdsregistryb</UrlPath>		
	</StandardConnection>
	<StandardConnection name="misys-repository">
		<HostName>localhost</HostName>
		<Port>8020</Port>
		<UrlPath>/axis2/services/xdsrepositoryb</UrlPath>		
	</StandardConnection>

    <!-- Axolotl Registry for HIMSS Vitual Testing -->
	<StandardConnection name="axolotl-vt-registry">
		<HostName>208.37.137.112</HostName>
		<Port>80</Port>
		<UrlPath>/xds/DocumentRegistry_Service</UrlPath>		
	</StandardConnection>
	<SecureConnection name="axolotl-vt-secure-registry">
		<HostName>208.37.137.112</HostName>
		<Port>443</Port>
		<UrlPath>/xds/DocumentRegistry_Service</UrlPath>		
		<!-- Trust and Keystore -->
		<KeyStore>certs/OpenXDS_2010_Keystore.p12</KeyStore>
		<KeyPass>password</KeyPass>
		<TrustStore>certs/OpenXDS_2010_Truststore.jks</TrustStore>
		<TrustPass>password</TrustPass>
	</SecureConnection>

    <!-- Oracle Repository for HIMSS Vitual Testing -->
	<StandardConnection name="oracle-vt-repository">
		<HostName>10.149.124.186</HostName>
		<Port>7777</Port>
		<UrlPath>/XDS/xdsrepositoryb_Soap12</UrlPath>		
	</StandardConnection>
	<SecureConnection name="oracle-vt-secure-repository">
		<HostName>10.149.124.186</HostName>
		<Port>4444</Port>		
		<UrlPath>/XDS/xdsrepositoryb_Soap12</UrlPath>		
		<!-- Trust and Keystore -->
		<KeyStore>certs/OpenXDS_2010_Keystore.p12</KeyStore>
		<KeyPass>password</KeyPass>
		<TrustStore>certs/OpenXDS_2010_Truststore.jks</TrustStore>
		<TrustPass>password</TrustPass>
	</SecureConnection>

    <!-- ICW Registry for HIMSS Vitual Testing -->
	<StandardConnection name="icw-vt-registry">
		<HostName>62.182.99.61</HostName>
		<Port>8080</Port>
		<UrlPath>/pxs-vmr-assembly/webservices/rev6/xdsb-storedquery</UrlPath>		
	</StandardConnection>
	<SecureConnection name="icw-vt-secure-registry">
		<HostName>62.182.99.61</HostName>
		<Port>8443</Port>
		<UrlPath>/ehealth/webservices/rev6/xdsb-storedquery</UrlPath>		
		<!-- Trust and Keystore -->
		<KeyStore>certs/OpenXDS_2010_Keystore.p12</KeyStore>
		<KeyPass>password</KeyPass>
		<TrustStore>certs/OpenXDS_2010_Truststore.jks</TrustStore>
		<TrustPass>password</TrustPass>
	</SecureConnection>

    <!-- Carefx Registry for HIMSS Vitual Testing -->
	<StandardConnection name="carefx-vt-registry">
		<HostName>xdstest.carefx.com</HostName>
		<Port>86</Port>
		<UrlPath>/axis2/services/DocumentRegistryService</UrlPath>		
	</StandardConnection>

    <!-- Carefx Repository for HIMSS Vitual Testing -->
	<StandardConnection name="carefx-vt-repository">
		<HostName>xdstest.carefx.com</HostName>
		<Port>8083</Port>
		<UrlPath>/axis2/services/DocumentRepositoryService</UrlPath>	
	</StandardConnection>
	<SecureConnection name="carefx-vt-secure-repository">
		<HostName>xdstest.carefx.com</HostName>
		<Port>8090</Port>
		<UrlPath>/axis2/services/DocumentRepositoryService</UrlPath>	
		<!-- Trust and Keystore -->
		<KeyStore>certs/OpenXDS_2010_Keystore.p12</KeyStore>
		<KeyPass>password</KeyPass>
		<TrustStore>certs/OpenXDS_2010_Truststore.jks</TrustStore>
		<TrustPass>password</TrustPass>
	</SecureConnection>


	<StandardConnection name="xca-ig">
		<!--The host name of the initiating Gateway Server-->
		<HostName>localhost</HostName>
		<!--The port-->
		<Port>8030</Port>
	</StandardConnection>
	<SecureConnection name="xca-secure-ig">
		<!--The host name of the initiating Gateway Server-->
		<HostName>localhost</HostName>
		<!--The port-->
		<Port>8031</Port>
		<!-- Trust and Keystore -->
		<KeyStore>certs/OpenXDS_2010_Keystore.p12</KeyStore>
		<KeyPass>password</KeyPass>
		<TrustStore>certs/OpenXDS_2010_Truststore.jks</TrustStore>
		<TrustPass>password</TrustPass>
	</SecureConnection>

	<!-- The Registry and Repository in the local community -->
	<StandardConnection name="local-registry">
		<HostName>localhost</HostName>
		<Port>8010</Port>
		<UrlPath>/axis2/services/xdsregistryb</UrlPath>		
	</StandardConnection>
	<SecureConnection name="local-secure-registry">
		<HostName>localhost</HostName>
		<Port>8011</Port>
		<UrlPath>/axis2/services/xdsregistryb</UrlPath>		
		<!-- Trust and Keystore -->
		<KeyStore>certs/OpenXDS_2010_Keystore.p12</KeyStore>
		<KeyPass>password</KeyPass>
		<TrustStore>certs/OpenXDS_2010_Truststore.jks</TrustStore>
		<TrustPass>password</TrustPass>
	</SecureConnection>
	<StandardConnection name="local-repository">
		<HostName>localhost</HostName>
		<Port>8020</Port>
		<UrlPath>/axis2/services/xdsrepositoryb</UrlPath>		
	</StandardConnection>
	<SecureConnection name="local-secure-repository">
		<HostName>localhost</HostName>
		<Port>8021</Port>
		<UrlPath>/axis2/services/xdsrepositoryb</UrlPath>		
		<!-- Trust and Keystore -->
		<KeyStore>certs/OpenXDS_2010_Keystore.p12</KeyStore>
		<KeyPass>password</KeyPass>
		<TrustStore>certs/OpenXDS_2010_Truststore.jks</TrustStore>
		<TrustPass>password</TrustPass>
	</SecureConnection>

	<StandardConnection name="xca-rg-client">
		<!--The host name of the Responding Gateway Server-->
		<HostName>198.160.211.53</HostName>
		<!--The port-->
		<Port>8040</Port>
		<!--The URL of the XCA Responding Gateway web services -->
		<UrlPath>/axis2/services/rg</UrlPath>				
	</StandardConnection>
	
<!--=========================================================================-->
<!-- The XDS Registry connections to which this Reposonding Gateway connects -->
<!-- All the connections below are used for Connecatathon NA 2010            -->
<!--=========================================================================-->	
	<StandardConnection name="vangent-rg">
		<!-- HostName>vangent1</HostName-->
		<HostName>208.81.185.143</HostName>
		<Port>8080</Port>
		<UrlPath>/axis2/services/xcarg</UrlPath>
	</StandardConnection>
	<SecureConnection name="vangent-secure-rg">
		<!-- HostName>vangent1</HostName-->
		<HostName>208.81.185.143</HostName>
		<Port>8181</Port>
		<UrlPath>/axis2/services/xcarg</UrlPath>				
		<!-- Trust and Keystore -->
		<KeyStore>certs/OpenXDS_2010_Keystore.p12</KeyStore>
		<KeyPass>password</KeyPass>
		<TrustStore>certs/OpenXDS_2010_Truststore.jks</TrustStore>
		<TrustPass>password</TrustPass>
	</SecureConnection>

	<StandardConnection name="hxti-rg">
		<HostName>hx-registry.hxti.net</HostName>
		<Port>8080</Port>
		<UrlPath>/XCAGateway/respond</UrlPath>
	</StandardConnection>

	<StandardConnection name="spirit-rg">
		<HostName>80.122.119.94</HostName>
		<Port>18081</Port>		
		<UrlPath>/XCA/responding</UrlPath>				
	</StandardConnection>
	<SecureConnection name="spirit-secure-rg">
		<!-- 
		<HostName>spirit7</HostName>
		<Port>8443</Port>
		-->
		<HostName>80.122.119.94</HostName>
		<Port>18081</Port>		
		<UrlPath>/XCA/responding</UrlPath>				
		<!-- Trust and Keystore -->
		<KeyStore>certs/OpenXDS_2010_Keystore.p12</KeyStore>
		<KeyPass>password</KeyPass>
		<TrustStore>certs/OpenXDS_2010_Truststore.jks</TrustStore>
		<TrustPass>password</TrustPass>
	</SecureConnection>

	<StandardConnection name="ibm-rg-query">
		<!-- 
		<HostName>ibm1</HostName>
		<Port>9085</Port>
		-->
		<HostName>xds-ibm.lgs.com</HostName>
		<Port>9080</Port>
		<UrlPath>/XGatewayWS/RespondingGatewayQuery</UrlPath>						
	</StandardConnection>	
	<SecureConnection name="ibm-secure-rg-query">
		<!-- 
		<HostName>ibm1</HostName>
		<Port>9448</Port>
		-->
		<HostName>xds-ibm.lgs.com</HostName>
		<Port>9443</Port>
		<UrlPath>/XGatewayWS/RespondingGatewayQuery</UrlPath>						
		<!-- Trust and Keystore -->
		<KeyStore>certs/OpenXDS_2010_Keystore.p12</KeyStore>
		<KeyPass>password</KeyPass>
		<TrustStore>certs/OpenXDS_2010_Truststore.jks</TrustStore>
		<TrustPass>password</TrustPass>
	</SecureConnection>
	<StandardConnection name="ibm-rg-retrieve">
		<!-- 
		<HostName>ibm1</HostName>
		<Port>9085</Port>
		-->
		<HostName>xds-ibm.lgs.com</HostName>
		<Port>9080</Port>
		<UrlPath>/XGatewayWS/RespondingGatewayRetrieve</UrlPath>		
	</StandardConnection>
	<SecureConnection name="ibm-secure-rg-retrieve">
		<!-- 
		<HostName>ibm1</HostName>
		<Port>9448</Port>
		-->
		<HostName>xds-ibm.lgs.com</HostName>
		<Port>9443</Port>
		<UrlPath>XGatewayWS/RespondingGatewayRetrieve</UrlPath>						
		<!-- Trust and Keystore -->
		<KeyStore>certs/OpenXDS_2010_Keystore.p12</KeyStore>
		<KeyPass>password</KeyPass>
		<TrustStore>certs/OpenXDS_2010_Truststore.jks</TrustStore>
		<TrustPass>password</TrustPass>
	</SecureConnection>

	<StandardConnection name="intel-rg">
		<HostName>64.109.190.66</HostName>
		<Port>7080</Port>
		<UrlPath>/</UrlPath>
	</StandardConnection>
	<SecureConnection name="intel-secure-rg">
		<HostName>64.109.190.66</HostName>
		<Port>7081</Port>
		<UrlPath>/</UrlPath>
		<!-- Trust and Keystore -->
		<KeyStore>certs/OpenXDS_2010_Keystore.p12</KeyStore>
		<KeyPass>password</KeyPass>
		<TrustStore>certs/OpenXDS_2010_Truststore.jks</TrustStore>
		<TrustPass>password</TrustPass>
	</SecureConnection>

	<StandardConnection name="ge-rg-query">
		<HostName>62.182.99.62</HostName>
		<Port>8080</Port>
		<UrlPath>/ehealth/webservices/respondinggateway/query</UrlPath>						
	</StandardConnection>
	<StandardConnection name="ge-rg-retrieve">
		<HostName>62.182.99.62</HostName>
		<Port>8080</Port>
		<UrlPath>/ehealth/webservices/respondinggateway/retrieve</UrlPath>						
	</StandardConnection>

	<StandardConnection name="icw-rg-query">
		<HostName>icw2</HostName>
		<Port>8080</Port>
		<UrlPath>/ehealth/webservices/respondinggateway/query</UrlPath>						
	</StandardConnection>
	<SecureConnection name="icw-secure-rg-query">
		<HostName>icw2</HostName>
		<Port>8443</Port>
		<UrlPath>/ehealth/webservices/respondinggateway/query</UrlPath>						
		<!-- Trust and Keystore -->
		<KeyStore>certs/OpenXDS_2010_Keystore.p12</KeyStore>
		<KeyPass>password</KeyPass>
		<TrustStore>certs/OpenXDS_2010_Truststore.jks</TrustStore>
		<TrustPass>password</TrustPass>
	</SecureConnection>
	<StandardConnection name="icw-rg-retrieve">
		<HostName>icw2</HostName>
		<Port>8080</Port>
		<UrlPath>/ehealth/webservices/respondinggateway/retrieve</UrlPath>						
	</StandardConnection>
	<SecureConnection name="icw-secure-rg-retrieve">
		<HostName>icw2</HostName>
		<Port>8443</Port>
		<UrlPath>/ehealth/webservices/respondinggateway/retrieve</UrlPath>						
		<!-- Trust and Keystore -->
		<KeyStore>certs/OpenXDS_2010_Keystore.p12</KeyStore>
		<KeyPass>password</KeyPass>
		<TrustStore>certs/OpenXDS_2010_Truststore.jks</TrustStore>
		<TrustPass>password</TrustPass>
	</SecureConnection>
	
	<StandardConnection name="epic-rg-query">
		<HostName>epic3</HostName>
		<Port>80</Port>
		<UrlPath>/ihe2010/wcf/epic.community.hie/respondinggateway.svc</UrlPath>						
	</StandardConnection>
	<SecureConnection name="epic-secure-rg-query">
		<HostName>epic3</HostName>
		<Port>443</Port>
		<UrlPath>/ihe2010/wcf/epic.community.hie/respondinggateway.svc</UrlPath>				
		<!-- Trust and Keystore -->
		<KeyStore>certs/OpenXDS_2010_Keystore.p12</KeyStore>
		<KeyPass>password</KeyPass>
		<TrustStore>certs/OpenXDS_2010_Truststore.jks</TrustStore>
		<TrustPass>password</TrustPass>
	</SecureConnection>

	<StandardConnection name="epic-rg-retrieve">
		<HostName>epic3</HostName>
		<Port>80</Port>
		<UrlPath>/ihe2010/wcf/epic.community.hie/respondinggateway.svc/mtom</UrlPath>						
	</StandardConnection>
	<SecureConnection name="epic-s-rg-retrieve">
		<HostName>epic3</HostName>
		<Port>443</Port>
		<UrlPath>/ihe2010/wcf/epic.community.hie/respondinggateway.svc/mtom</UrlPath>				
		<!-- Trust and Keystore -->
		<KeyStore>certs/OpenXDS_2010_Keystore.p12</KeyStore>
		<KeyPass>password</KeyPass>
		<TrustStore>certs/OpenXDS_2010_Truststore.jks</TrustStore>
		<TrustPass>password</TrustPass>
	</SecureConnection>

	<!--The XDS Registry actor configuration-->
	<Actor name="xdsreg" type="XdsRegistry">
		<Description>XDS Registry</Description>
		<Connection type="Server" name="xds-registry"/>
		<Connection type="PixServer" name="pix-registry"/>
	</Actor>
	<Actor name="xdsreg_secure" type="XdsRegistry">
		<Description>Secure XDS Registry</Description>
		<Connection type="Server" name="secure-xds-registry"/>
		<Connection type="PixServer" name="secure-pix-registry"/>
	</Actor>
 
	<!--The XDS Repository actor configuration-->
	<Actor name="xdsrep" type="XdsRepository">
		<Description>XDS Repository</Description>
		<Connection type="Server" name="xds-repository"/>
		<Connection type="Registry" name="xds-registry-client"/>
	</Actor>
	<Actor name="xdsrep_secure" type="XdsRepository">
		<Description>Secure XDS Repository</Description>
		<Connection type="Server" name="secure-xds-repository"/>
		<Connection type="Registry" name="secure-xds-registry-client"/>
	</Actor>

	<!--The XCA Responding Gateway actor configuration-->
	<!-- Actor name="xcarg" type="XcaRG">
		<Description>XCA Responding Gateway</Description>
		<Connection type="Server" name="xca-rg"/>
		<Connection type="Registry" name="misys-registry"/>
		<Connection type="Repository" name="misys-repository"/>
	</Actor>
	<Actor name="xcasrg" type="XcaRG">
		<Description>Secure XCA Responding Gateway</Description>
		<Connection type="Server" name="xca-secure-rg"/>
		<Connection type="Registry" name="misys-registry"/>
		<Connection type="Repository" name="misys-repository"/>
	</Actor-->
	
	<!--The XCA Initiating Gateway actor configuration-->
	<!-- Actor name="xcaig" type="XcaIG">
		<Description>XCA Initiating Gateway</Description>
		<Connection type="Server" name="xca-ig"/>
		<Connection type="Registry" name="local-registry"/>
		<Connection type="Repository" name="local-repository"/>
		<TransactionsSet type="RespondingGateway">
			<Transactions id="urn:oid:1.3.6.1.4.1.21367.2010.1.2.2050" query="ibm-rg-query" retrieve="ibm-rg-retrieve"/>
			<Transactions id="urn:oid:1.3.6.1.4.1.21367.2010.1.2.2025" query="vangent-rg" retrieve="vangent-rg"/>
			<Transactions id="urn:oid:1.3.6.1.4.1.21367.2010.1.2.2010" query="spirit-rg" retrieve="spirit-rg"/>
			<Transactions id="urn:oid:1.3.6.1.4.1.21367.2010.1.2.2035" query="intel-rg" retrieve="intel-rg"/>
			<Transactions id="urn:oid:1.3.6.1.4.1.21367.2010.1.2.2040" query="hxti-rg" retrieve="hxti-rg"/>
			<Transactions id="urn:oid:1.3.6.1.4.1.21367.2010.1.2.2042" query="ge-rg-query" retrieve="ge-rg-retrieve"/>
		</TransactionsSet>
	</Actor>
	<Actor name="xcasig" type="XcaIG">
		<Description>Secure XCA Initiating Gateway</Description>
		<Connection type="Server" name="xca-secure-ig"/>
		<Connection type="Registry" name="local-secure-registry"/>
		<Connection type="Repository" name="local-secure-repository"/>
		<TransactionsSet type="RespondingGateway">
			<Transactions id="urn:oid:1.3.6.1.4.1.21367.2010.1.2.2050" query="ibm-secure-rg-query" retrieve="ibm-secure-rg-retrieve"/>
			<Transactions id="urn:oid:1.3.6.1.4.1.21367.2010.1.2.2025" query="vangent-secure-rg" retrieve="vangent-secure-rg"/>
			<Transactions id="urn:oid:1.3.6.1.4.1.21367.2010.1.2.2010" query="spirit-rg" retrieve="spirit-rg"/>
			<Transactions id="urn:oid:1.3.6.1.4.1.21367.2010.1.2.2035" query="intel-secure-rg" retrieve="intel-secure-rg"/>
			<Transactions id="urn:oid:1.3.6.1.4.1.21367.2010.1.2.2040" query="hxti-rg" retrieve="hxti-rg"/>
			<Transactions id="urn:oid:1.3.6.1.4.1.21367.2010.1.2.2042" query="ge-rg-query" retrieve="ge-rg-retrieve"/>
		</TransactionsSet>
	</Actor-->
	
	<!-- Audit Repository Actor -->
	<Actor name="localaudit" type="SecureNode">
		<Description>LOCAL AUDIT</Description>
		<AuditTrail name="log4j_audittrail" />
		<AuditTrail name="misys_arr_udp" />
	</Actor>
	

</Configuration>