<?xml version="1.0" encoding="UTF-8"?>
<!--

     Copyright (c) 2009-2010 Misys Open Source Solutions (MOSS) and others

     Licensed under the Apache License, Version 2.0 (the "License");
     you may not use this file except in compliance with the License.
     You may obtain a copy of the License at

        http://www.apache.org/licenses/LICENSE-2.0

     Unless required by applicable law or agreed to in writing, software
     distributed under the License is distributed on an "AS IS" BASIS,
     WITHOUT WARRANTIES OR CONDITIONS OF ANY KIND, either express or
     implied. See the License for the specific language governing
     permissions and limitations under the License.

     Contributors:
       Misys Open Source Solutions - initial API and implementation


-->
	<!--
		Document : codes.xml Created on : October 13, 2004, 2:51 PM Last
		updated on : February 20, 2008 Author : bill Description: Required
		values for XDS Codes for Pre-Connectathon and Connectathon testing

		Change Log: 2/20/08 - major update to confidentialityCode section -
		update to BPPC and HIMSS showcase 2/20/08 - added comment about
		multiple Affinity Domain patient ID domains
	-->
 <Codes>
 <CodeType name="contentTypeCode" classScheme="urn:uuid:aa543740-bdda-424e-8c96-df4873be8500">
  <Code code="Communication" display="Communication" codingScheme="Connect-a-thon contentTypeCodes" /> 
  <Code code="Evaluation and management" display="Evaluation and management" codingScheme="Connect-a-thon contentTypeCodes" /> 
  <Code code="Conference" display="Conference" codingScheme="Connect-a-thon contentTypeCodes" /> 
  <Code code="Case conference" display="Case conference" codingScheme="Connect-a-thon contentTypeCodes" /> 
  <Code code="Consult" display="Consult" codingScheme="Connect-a-thon contentTypeCodes" /> 
  <Code code="Confirmatory consultation" display="Confirmatory consultation" codingScheme="Connect-a-thon contentTypeCodes" /> 
  <Code code="Counseling" display="Counseling" codingScheme="Connect-a-thon contentTypeCodes" /> 
  <Code code="Group counseling" display="Group counseling" codingScheme="Connect-a-thon contentTypeCodes" /> 
  <Code code="Education" display="Education" codingScheme="Connect-a-thon contentTypeCodes" /> 
  <Code code="History and Physical" display="History and Physical" codingScheme="Connect-a-thon contentTypeCodes" /> 
  <Code code="Admission history and physical" display="Admission history and physical" codingScheme="Connect-a-thon contentTypeCodes" /> 
  <Code code="Comprehensive history and physical" display="Comprehensive history and physical" codingScheme="Connect-a-thon contentTypeCodes" /> 
  <Code code="Targeted history and physical" display="Targeted history and physical" codingScheme="Connect-a-thon contentTypeCodes" /> 
  <Code code="Initial evaluation" display="Initial evaluation" codingScheme="Connect-a-thon contentTypeCodes" /> 
  <Code code="Admission evaluation" display="Admission evaluation" codingScheme="Connect-a-thon contentTypeCodes" /> 
  <Code code="Pre-operative evaluation and management" display="Pre-operative evaluation and management" codingScheme="Connect-a-thon contentTypeCodes" /> 
  <Code code="Subsequent evaluation" display="Subsequent evaluation" codingScheme="Connect-a-thon contentTypeCodes" /> 
  <Code code="Summarization of episode" display="Summarization of episode" codingScheme="Connect-a-thon contentTypeCodes" /> 
  <Code code="Transfer summarization" display="Transfer summarization" codingScheme="Connect-a-thon contentTypeCodes" /> 
  <Code code="Discharge summarization" display="Discharge summarization" codingScheme="Connect-a-thon contentTypeCodes" /> 
  <Code code="Summary of death" display="Summary of death" codingScheme="Connect-a-thon contentTypeCodes" /> 
  <Code code="Transfer of care referral" display="Transfer of care referral" codingScheme="Connect-a-thon contentTypeCodes" /> 
  <Code code="Supervisory direction" display="Supervisory direction" codingScheme="Connect-a-thon contentTypeCodes" /> 
  <Code code="Telephone encounter" display="Telephone encounter" codingScheme="Connect-a-thon contentTypeCodes" /> 
  <Code code="Interventional Procedure" display="Interventional Procedure" codingScheme="Connect-a-thon contentTypeCodes" /> 
  <Code code="Operative" display="Operative" codingScheme="Connect-a-thon contentTypeCodes" /> 
  <Code code="Pathology Procedure" display="Pathology Procedure" codingScheme="Connect-a-thon contentTypeCodes" /> 
  <Code code="Autopsy" display="Autopsy" codingScheme="Connect-a-thon contentTypeCodes" /> 
 <!--  Added for NHIN testing 18 July 08 
  --> 
  <Code code="34133-9" codingScheme="2.16.840.1.113883.6.1" display="SUMMARIZATION OF EPISODE NOTE" /> 
  <Code code="18717-9" codingScheme="2.16.840.1.113883.6.1" display="BLOOD BANK STUDIES" /> 
  <Code code="18718-7" codingScheme="2.16.840.1.113883.6.1" display="CELL MARKER STUDIES" /> 
  <Code code="18719-5" codingScheme="2.16.840.1.113883.6.1" display="CHEMISTRY STUDIES" /> 
  <Code code="18720-3" codingScheme="2.16.840.1.113883.6.1" display="COAGULATION STUDIES" /> 
  <Code code="18721-1" codingScheme="2.16.840.1.113883.6.1" display="THERAPEUTIC DRUG MONITORING STUDIES" /> 
  <Code code="18722-9" codingScheme="2.16.840.1.113883.6.1" display="FERTILITY STUDIES" /> 
  <Code code="18723-7" codingScheme="2.16.840.1.113883.6.1" display="HEMATOLOGY STUDIES" /> 
  <Code code="18724-5" codingScheme="2.16.840.1.113883.6.1" display="HLA STUDIES" /> 
  <Code code="18725-2" codingScheme="2.16.840.1.113883.6.1" display="MICROBIOLOGY STUDIES" /> 
  <Code code="18727-8" codingScheme="2.16.840.1.113883.6.1" display="SEROLOGY STUDIES" /> 
  <Code code="18728-6" codingScheme="2.16.840.1.113883.6.1" display="TOXICOLOGY STUDIES" /> 
  <Code code="18729-4" codingScheme="2.16.840.1.113883.6.1" display="URINALYSIS STUDIES" /> 
  <Code code="18767-4" codingScheme="2.16.840.1.113883.6.1" display="BLOOD GAS STUDIES" /> 
  <Code code="18768-2" codingScheme="2.16.840.1.113883.6.1" display="CELL COUNTS+DIFFERENTIAL STUDIES" /> 
  <Code code="18769-0" codingScheme="2.16.840.1.113883.6.1" display="MICROBIAL SUSCEPTIBILITY TESTS" /> 
  <Code code="26435-8" codingScheme="2.16.840.1.113883.6.1" display="MOLECULAR PATHOLOGY STUDIES" /> 
  <Code code="26436-6" codingScheme="2.16.840.1.113883.6.1" display="LABORATORY STUDIES" /> 
  <Code code="26437-4" codingScheme="2.16.840.1.113883.6.1" display="CHEMISTRY CHALLENGE STUDIES" /> 
  <Code code="26438-2" codingScheme="2.16.840.1.113883.6.1" display="CYTOLOGY STUDIES" /> 
  <Code code="11502-2" codingScheme="2.16.840.1.113883.6.1" display="LABORATORY REPORT.TOTAL" /> 
  </CodeType>
 <CodeType name="classCode" classScheme="urn:uuid:41a5887f-8865-4c09-adf7-e362475b143a">
 <!--  Added for NHIN Sept. 2009 
  --> 
  <Code code="10160-0" codingScheme="2.16.840.1.113883.6.1" display="History of MEdication Use" /> 
  <Code code="44943-9" codingScheme="2.16.840.1.113883.6.1" display="Self management:^Patient" /> 
  <Code code="Consent" display="Consent" codingScheme="Connect-a-thon classCodes" /> 
  <Code code="Communication" display="Communication" codingScheme="Connect-a-thon classCodes" /> 
  <Code code="Communication" display="Communication" codingScheme="Connect-a-thon classCodes 2" /> 
  <Code code="Evaluation and management" display="Evaluation and management" codingScheme="Connect-a-thon classCodes" /> 
  <Code code="Conference" display="Conference" codingScheme="Connect-a-thon classCodes" /> 
  <Code code="Case conference" display="Case conference" codingScheme="Connect-a-thon classCodes" /> 
  <Code code="Consult" display="Consult" codingScheme="Connect-a-thon classCodes" /> 
  <Code code="Confirmatory consultation" display="Confirmatory consultation" codingScheme="Connect-a-thon classCodes" /> 
  <Code code="Counseling" display="Counseling" codingScheme="Connect-a-thon classCodes" /> 
  <Code code="Group counseling" display="Group counseling" codingScheme="Connect-a-thon classCodes" /> 
  <Code code="Education" display="Education" codingScheme="Connect-a-thon classCodes" /> 
  <Code code="History and Physical" display="History and Physical" codingScheme="Connect-a-thon classCodes" /> 
  <Code code="Admission history and physical" display="Admission history and physical" codingScheme="Connect-a-thon classCodes" /> 
  <Code code="Comprehensive history and physical" display="Comprehensive history and physical" codingScheme="Connect-a-thon classCodes" /> 
  <Code code="Targeted history and physical" display="Targeted history and physical" codingScheme="Connect-a-thon classCodes" /> 
  <Code code="Initial evaluation" display="Initial evaluation" codingScheme="Connect-a-thon classCodes" /> 
  <Code code="Admission evaluation" display="Admission evaluation" codingScheme="Connect-a-thon classCodes" /> 
  <Code code="Pre-operative evaluation and management" display="Pre-operative evaluation and management" codingScheme="Connect-a-thon classCodes" /> 
  <Code code="Subsequent evaluation" display="Subsequent evaluation" codingScheme="Connect-a-thon classCodes" /> 
  <Code code="Summarization of episode" display="Summarization of episode" codingScheme="Connect-a-thon classCodes" /> 
  <Code code="Transfer summarization" display="Transfer summarization" codingScheme="Connect-a-thon classCodes" /> 
  <Code code="Discharge summarization" display="Discharge summarization" codingScheme="Connect-a-thon classCodes" /> 
  <Code code="Summary of death" display="Summary of death" codingScheme="Connect-a-thon classCodes" /> 
  <Code code="Transfer of care referral" display="Transfer of care referral" codingScheme="Connect-a-thon classCodes" /> 
  <Code code="Supervisory direction" display="Supervisory direction" codingScheme="Connect-a-thon classCodes" /> 
  <Code code="Telephone encounter" display="Telephone encounter" codingScheme="Connect-a-thon classCodes" /> 
  <Code code="Interventional Procedure" display="Interventional Procedure" codingScheme="Connect-a-thon classCodes" /> 
  <Code code="Operative" display="Operative" codingScheme="Connect-a-thon classCodes" /> 
  <Code code="Pathology Procedure" display="Pathology Procedure" codingScheme="Connect-a-thon classCodes" /> 
  <Code code="Autopsy" display="Autopsy" codingScheme="Connect-a-thon classCodes" /> 
  <Code code="Nursing Note" display="Nursing Note" codingScheme="Connect-a-thon classCodes" /> 
  <Code code="X-APS" display="Antepartum Summary" codingScheme="Loinc" /> 
  <Code code="X-NN" display="Nursing Note" codingScheme="Loinc" /> 
  <Code code="X-TRIAGE" display="Triage Note" codingScheme="Loinc" /> 
 <!--  Added for NHIN testing 18 July 08 
  --> 
  <Code code="34133-9" codingScheme="2.16.840.1.113883.6.1" display="SUMMARIZATION OF EPISODE NOTE" /> 
  <Code code="18717-9" codingScheme="2.16.840.1.113883.6.1" display="BLOOD BANK STUDIES" /> 
  <Code code="18718-7" codingScheme="2.16.840.1.113883.6.1" display="CELL MARKER STUDIES" /> 
  <Code code="18719-5" codingScheme="2.16.840.1.113883.6.1" display="CHEMISTRY STUDIES" /> 
  <Code code="18720-3" codingScheme="2.16.840.1.113883.6.1" display="COAGULATION STUDIES" /> 
  <Code code="18721-1" codingScheme="2.16.840.1.113883.6.1" display="THERAPEUTIC DRUG MONITORING STUDIES" /> 
  <Code code="18722-9" codingScheme="2.16.840.1.113883.6.1" display="FERTILITY STUDIES" /> 
  <Code code="18723-7" codingScheme="2.16.840.1.113883.6.1" display="HEMATOLOGY STUDIES" /> 
  <Code code="18724-5" codingScheme="2.16.840.1.113883.6.1" display="HLA STUDIES" /> 
  <Code code="18725-2" codingScheme="2.16.840.1.113883.6.1" display="MICROBIOLOGY STUDIES" /> 
  <Code code="18727-8" codingScheme="2.16.840.1.113883.6.1" display="SEROLOGY STUDIES" /> 
  <Code code="18728-6" codingScheme="2.16.840.1.113883.6.1" display="TOXICOLOGY STUDIES" /> 
  <Code code="18729-4" codingScheme="2.16.840.1.113883.6.1" display="URINALYSIS STUDIES" /> 
  <Code code="18767-4" codingScheme="2.16.840.1.113883.6.1" display="BLOOD GAS STUDIES" /> 
  <Code code="18768-2" codingScheme="2.16.840.1.113883.6.1" display="CELL COUNTS+DIFFERENTIAL STUDIES" /> 
  <Code code="18769-0" codingScheme="2.16.840.1.113883.6.1" display="MICROBIAL SUSCEPTIBILITY TESTS" /> 
  <Code code="26435-8" codingScheme="2.16.840.1.113883.6.1" display="MOLECULAR PATHOLOGY STUDIES" /> 
  <Code code="26436-6" codingScheme="2.16.840.1.113883.6.1" display="LABORATORY STUDIES" /> 
  <Code code="26437-4" codingScheme="2.16.840.1.113883.6.1" display="CHEMISTRY CHALLENGE STUDIES" /> 
  <Code code="26438-2" codingScheme="2.16.840.1.113883.6.1" display="CYTOLOGY STUDIES" /> 
  <Code code="11502-2" codingScheme="2.16.840.1.113883.6.1" display="LABORATORY REPORT.TOTAL" /> 
 <!--  Added for NHIN Sept. 2009 
  --> 
  <Code code="10160-0" codingScheme="2.16.840.1.113883.6.1" display="History of MEdication Use" /> 
  <Code code="44943-9" codingScheme="2.16.840.1.113883.6.1" display="Self management:^Patient" /> 
  <Code code="18717-9" codingScheme="2.16.840.1.113883.6.1" display="BLOOD BANK STUDIES" /> 
  <Code code="18718-7" codingScheme="2.16.840.1.113883.6.1" display="CELL MARKER STUDIES" /> 
  <Code code="18719-5" codingScheme="2.16.840.1.113883.6.1" display="CHEMISTRY STUDIES" /> 
  <Code code="18720-3" codingScheme="2.16.840.1.113883.6.1" display="COAGULATION STUDIES" /> 
  <Code code="18721-1" codingScheme="2.16.840.1.113883.6.1" display="THERAPEUTIC DRUG MONITORING STUDIES" /> 
  <Code code="18722-9" codingScheme="2.16.840.1.113883.6.1" display="FERTILITY STUDIES" /> 
  <Code code="18723-7" codingScheme="2.16.840.1.113883.6.1" display="HEMATOLOGY STUDIES" /> 
  <Code code="18724-5" codingScheme="2.16.840.1.113883.6.1" display="HLA STUDIES" /> 
  <Code code="18725-2" codingScheme="2.16.840.1.113883.6.1" display="MICROBIOLOGY STUDIES" /> 
  <Code code="18727-8" codingScheme="2.16.840.1.113883.6.1" display="SEROLOGY STUDIES" /> 
  <Code code="18728-6" codingScheme="2.16.840.1.113883.6.1" display="TOXICOLOGY STUDIES" /> 
  <Code code="18729-4" codingScheme="2.16.840.1.113883.6.1" display="URINALYSIS STUDIES" /> 
  <Code code="18767-4" codingScheme="2.16.840.1.113883.6.1" display="BLOOD GAS STUDIES" /> 
  <Code code="18768-2" codingScheme="2.16.840.1.113883.6.1" display="CELL COUNTS+DIFFERENTIAL STUDIES" /> 
  <Code code="18769-0" codingScheme="2.16.840.1.113883.6.1" display="MICROBIAL SUSCEPTIBILITY TESTS" /> 
  <Code code="26435-8" codingScheme="2.16.840.1.113883.6.1" display="MOLECULAR PATHOLOGY STUDIES" /> 
  <Code code="26436-6" codingScheme="2.16.840.1.113883.6.1" display="LABORATORY STUDIES" /> 
  <Code code="26437-4" codingScheme="2.16.840.1.113883.6.1" display="CHEMISTRY CHALLENGE STUDIES" /> 
  <Code code="26438-2" codingScheme="2.16.840.1.113883.6.1" display="CYTOLOGY STUDIES" /> 
 <!-- 
  Codes for testing MPQ - since no patient id restrictions are used we need to have
		some really restricted codes that are not used elsewhere.  Do not submit metadata with 
		these codes unless you are testing MPQ 

  --> 
  <Code code="MPQ-classcode-1" codingScheme="MPQ Testing" display="MPQ-classcode-1" /> 
  <Code code="MPQ-classcode-2" codingScheme="MPQ Testing" display="MPQ-classcode-2" /> 
  </CodeType>
 <CodeType name="confidentialityCode" classScheme="urn:uuid:f4f85eac-e6cb-4883-b524-f2705394840f">
 <!--  Added Sept. 2009 NHIN 
  --> 
  <Code code="N" display="Normal" codingScheme="2.16.840.1.113883.5.25" /> 
  <Code code="R" display="Restricted" codingScheme="2.16.840.1.113883.5.25" /> 
  <Code code="V" display="very restricted" codingScheme="2.16.840.1.113883.5.25" /> 
 <!-- 
			The following codes are defined by HL7 and are not used in XDS
			Metadata, but may show up in CDA documents. They will be removed from
			this table at the end of the European testing season
		

  --> 
  <Code code="C" display="Celebrity" codingScheme="Connect-a-thon confidentialityCodes" /> 
  <Code code="D" display="Clinician" codingScheme="Connect-a-thon confidentialityCodes" /> 
  <Code code="I" display="Individual" codingScheme="Connect-a-thon confidentialityCodes" /> 
  <Code code="N" display="Normal" codingScheme="Connect-a-thon confidentialityCodes" /> 
  <Code code="R" display="Restricted" codingScheme="Connect-a-thon confidentialityCodes" /> 
  <Code code="S" display="Sensitive" codingScheme="Connect-a-thon confidentialityCodes" /> 
  <Code code="T" display="Taboo" codingScheme="Connect-a-thon confidentialityCodes" /> 
 <!-- 
			The following codes represent policies that may be used as XDS
			Metadata ConfidentialityCodes to indicate the policy that must be
			followed as defined BPPC options
		

  --> 
 <!-- 
			The following codes were used in the past, but are not used this
			year. They will be removed at the end of the European testing season
		

  --> 
  <Code code="1.3.6.1.4.1.21367.2006.7.101" display="Clinical-Staff" codingScheme="Connect-a-thon confidentialityCodes" /> 
  <Code code="1.3.6.1.4.1.21367.2006.7.102" display="Clinical-Spouse" codingScheme="Connect-a-thon confidentialityCodes" /> 
  <Code code="1.3.6.1.4.1.21367.2006.7.103" display="Clinical-Attorney" codingScheme="Connect-a-thon confidentialityCodes" /> 
  <Code code="1.3.6.1.4.1.21367.2006.7.104" display="Solar Drug Trial" codingScheme="Connect-a-thon confidentialityCodes" /> 
  <Code code="1.3.6.1.4.1.21367.2006.7.105" display="Sun Spot Drug Trial" codingScheme="Connect-a-thon confidentialityCodes" /> 
 <!--  
  --> 
  <Code code="1.3.6.1.4.1.21367.2006.7.109" display="Restricted Sharing" codingScheme="Connect-a-thon confidentialityCodes" /> 
  <Code code="1.3.6.1.4.1.21367.2006.7.110" display="Emergency Responder Accessible" codingScheme="Connect-a-thon confidentialityCodes" /> 
  <Code code="1.3.6.1.4.1.21367.2006.7.106" display="No Sharing" codingScheme="Connect-a-thon confidentialityCodes" /> 
  <Code code="1.3.6.1.4.1.21367.2006.7.107" display="Normal Sharing" codingScheme="Connect-a-thon confidentialityCodes" /> 
  <Code code="1.3.6.1.4.1.21367.2006.7.108" display="Normal Sharing Plus Research Use" codingScheme="Connect-a-thon confidentialityCodes" /> 
  <Code code="1.3.6.1.4.1.21367.2006.7.109" display="Restricted VIP Sharing" codingScheme="Connect-a-thon confidentialityCodes" /> 
  </CodeType>
 <CodeType name="formatCode" classScheme="urn:uuid:a09d5840-386c-46f2-b5ad-9c3699a4309d">
 <!--  Added Sept. 2009 NHIN 
  --> 
  <Code code="urn:ihe:pcc:apr:lab:2008" display="PDF embedded in CDA per XDS-SD profile" codingScheme="IHE-PCC" /> 
  <Code code="urn:ihe:pcc:apr:lab:2008" display="Test embedded in CDA per XDS-SD profile" codingScheme="IHE-PCC" /> 
  <Code code="2.16.840.1.113883.10.20.1" display="HL7 CCD Document" codingScheme="HITSP" /> 
  <Code code="1.3.6.1.4.1.19376.1.3.3" display="IHE XD-Lab Document" codingScheme="IHE-LAB" /> 
  <Code code="ScanTEXT/IHE 1.x" display="ScanTEXT/IHE 1.x" codingScheme="Connect-a-thon formatCodes" /> 
  <Code code="ScanPDF/IHE 1.x" display="ScanPDF/IHE 1.x" codingScheme="Connect-a-thon formatCodes" /> 
  <Code code="PDF/IHE 1.x" display="PDF/IHE 1.x" codingScheme="Connect-a-thon formatCodes" /> 
  <Code code="Generic Image" display="Generic Image" codingScheme="Connect-a-thon formatCodes" /> 
  <Code code="PDF" display="PDF" codingScheme="Connect-a-thon formatCodes" /> 
  <Code code="TEXT" display="TEXT" codingScheme="Connect-a-thon formatCodes" /> 
  <Code code="CDA/IHE 1.0" display="CDA/IHE 1.0" codingScheme="Connect-a-thon formatCodes" /> 
  <Code code="CDAR2/IHE 1.0" display="CDAR2/IHE 1.0" codingScheme="Connect-a-thon formatCodes" /> 
  <Code code="CCR/IHE 0.9" display="CCR/IHE 0.9" codingScheme="Connect-a-thon formatCodes" /> 
  <Code code="CCR V1.0" display="CCR V1.0" codingScheme="Connect-a-thon formatCodes" /> 
  <Code code="HL7/Lab 2.5" display="HL7/Lab 2.5" codingScheme="Connect-a-thon formatCodes" /> 
 <!--  codes issued by PCC Nov 2,2006 
  --> 
  <Code code="1.3.6.1.4.1.19376.1.5.3.1.1.2" display="XDS-MS" codingScheme="Connect-a-thon formatCodes" /> 
  <Code code="1.3.6.1.4.1.19376.1.5.3.1.1.9" display="PPHP" codingScheme="Connect-a-thon formatCodes" /> 
  <Code code="1.3.6.1.4.1.19376.1.5.3.1.1.10" display="EDR" codingScheme="Connect-a-thon formatCodes" /> 
  <Code code="1.3.6.1.4.1.19376.1.5.3.1.1.5" display="XPHR Extract" codingScheme="Connect-a-thon formatCodes" /> 
  <Code code="1.3.6.1.4.1.19376.1.5.3.1.1.6" display="XPHR Update" codingScheme="Connect-a-thon formatCodes" /> 
  <Code code="1.3.6.1.4.1.19376.1.5.3.1.1.7" display="Privacy Consent Policy" codingScheme="IHE BPPC" /> 
 <!--   new PCC codes Nov 20, 2007 
  --> 
  <Code code="1.3.6.1.4.1.19376.1.5.3.1.1.3" display="urn:ihe:pcc:xds-ms:2007" codingScheme="IHE PCC" /> 
  <Code code="1.3.6.1.4.1.19376.1.5.3.1.1.10" display="urn:ihe:pcc:edr:2007" codingScheme="IHE PCC" /> 
  <Code code="1.3.6.1.4.1.19376.1.5.3.1.1.5" display="urn:ihe:pcc:xphr:2007" codingScheme="IHE PCC" /> 
  <Code code="1.3.6.1.4.1.19376.1.5.3.1.1.11.2" display="urn:ihe:pcc:aps:2007" codingScheme="IHE PCC" /> 
 <!-- 
			removed Nov 2,2006 <Code code="IHE/PCC/MS/1.0" display="XDS-MS"
			codingScheme="Connect-a-thon formatCodes"/>
		

  --> 
 <!--  added for XDS-I 
  --> 
  <Code code="IHE/multipart" display="multipart" codingScheme="Connect-a-thon formatCodes" /> 
  <Code code="1.2.840.10008.5.1.4.1.1.88.59" display="Key Object Selection Document" codingScheme="1.2.840.10008.2.6.1" /> 
  <Code code="1.3.6.1.4.1.19376.1.5.3.1.1.16.1.1" display="urn:ihe:pcc:apr:handp:2008" codingScheme="IHE PCC" /> 
  <Code code="1.3.6.1.4.1.19376.1.5.3.1.1.16.1.2" display="urn:ihe:pcc:apr:lab:2008" codingScheme="IHE PCC" /> 
  <Code code="1.3.6.1.4.1.19376.1.5.3.1.1.16.1.3" display="urn:ihe:pcc:apr:edu:2008" codingScheme="IHE PCC" /> 
  <Code code="1.3.6.1.4.1.19376.1.5.3.1.1.18.1.2" display="urn:ihe:pcc:irc:2008" codingScheme="IHE PCC" /> 
 <!--  Added 2/22/09 
  --> 
  <Code code="urn:ihe:pcc:xds-ms:2007" display="Medical Summaries" codingScheme="IHE PCC" /> 
  <Code code="urn:ihe:pcc:xphr:2007" display="Exchange of Personal Health Records" codingScheme="IHE PCC" /> 
  <Code code="urn:ihe:pcc:edr:2007" display="Emergency Department Referral" codingScheme="IHE PCC" /> 
  <Code code="urn:ihe:pcc:aps:2007" display="Antepartum Summary" codingScheme="IHE PCC" /> 
  <Code code="urn:ihe:pcc:edes:2007" display="Emergency Department Encounter Summary" codingScheme="IHE PCC" /> 
  <Code code="urn:ihe:pcc:apr:handp:2008" display="Antepartum Record History and Physical" codingScheme="IHE PCC" /> 
  <Code code="urn:ihe:pcc:apr:lab:2008" display="Antepartum Record Laboratory" codingScheme="IHE PCC" /> 
  <Code code="urn:ihe:pcc:apr:edu:2008" display="Antepartum Record Education" codingScheme="IHE PCC" /> 
  <Code code="urn:ihe:pcc:irc:2008" display="Immunization Registry Content" codingScheme="IHE PCC" /> 
  <Code code="urn:ihe:iti:xds-sd:pdf:2008" display="Scanned Documents PDF" codingScheme="IHE PCC" /> 
  <Code code="urn:ihe:iti:xds-sd:text:2008" display="Scanned Documents Text" codingScheme="IHE PCC" /> 
  <Code code="urn:ihe:iti:bppc:2007" display="Basic Patient Privacy Consents" codingScheme="IHE PCC" /> 
  <Code code="urn:ihe:iti:bppc-sd:2007" display="Basic Patient Privacy Consents with Scanned Document" codingScheme="IHE PCC" /> 
  <Code code="urn:ihe:lab:xd-lab:2008" display="CDA Laboratory Report" codingScheme="IHE PCC" /> 
  </CodeType>
 <CodeType name="healthcareFacilityTypeCode" classScheme="urn:uuid:f33fb8ac-18af-42cc-ae0e-ed0b0bdb91e1">
 <!--  Added Sept. 2009 NHIN 
  --> 
  <Code code="281PC2000N" display="Hospitals; Chronic Disease Hospital; Children" codingScheme="2.16.840.1.113883.5.11" /> 
  <Code code="282NC2000N" display="Hospitals; General Acute Care Hospital; Children" codingScheme="2.16.840.1.113883.5.11" /> 
  <Code code="281NR1301N" display="Hospitals; General Acute Care Hospital; Rural" codingScheme="2.16.840.1.113883.5.11" /> 
  <Code code="282NW0100N" display="Hospitals; General Acute Care Hospital; Women" codingScheme="2.16.840.1.113883.5.11" /> 
  <Code code="283XC2000N" display="Hospitals;Rehabilitation Hospital; Children" codingScheme="2.16.840.1.113883.5.11" /> 
  <Code code="2865C1500N" display="Hospitals;Military Hospital; Community Health" codingScheme="2.16.840.1.113883.5.11" /> 
  <Code code="2865M2000N" display="Hospitals; Military Hospital; Medical Center" codingScheme="2.16.840.1.113883.5.11" /> 
  <Code code="2865X1600N" display="Hospitals; Military Hospital; Operational Component Facility" codingScheme="2.16.840.1.113883.5.11" /> 
  <Code code="ACC" display="Accident Site" codingScheme="2.16.840.1.113883.5.11" /> 
  <Code code="ALL" display="Allergy clinic" codingScheme="2.16.840.1.113883.5.11" /> 
  <Code code="AMB" display="Ambulance" codingScheme="2.16.840.1.113883.5.11" /> 
  <Code code="AMPUT" display="Amputee clinic" codingScheme="2.16.840.1.113883.5.11" /> 
  <Code code="BMTC" display="Bone marrow transplant clinic" codingScheme="2.16.840.1.113883.5.11" /> 
  <Code code="BMTU" display="Bone marrow transplant unit" codingScheme="2.16.840.1.113883.5.11" /> 
  <Code code="BREAST" display="Breast clinic" codingScheme="2.16.840.1.113883.5.11" /> 
  <Code code="CANC" display="Child and adolescent neurology clinic" codingScheme="2.16.840.1.113883.5.11" /> 
  <Code code="CAPC" display="Child and adolescent psychiatry clinic" codingScheme="2.16.840.1.113883.5.11" /> 
  <Code code="CARD" display="Ambulatory Health Care Facilities; Clinic/Center; Rehabilitation; Cardiac Facilities" codingScheme="2.16.840.1.113883.5.11" /> 
  <Code code="CATH" display="Cardiac catheterization lab" codingScheme="2.16.840.1.113883.5.11" /> 
  <Code code="CCU" display="Coronary care unit" codingScheme="2.16.840.1.113883.5.11" /> 
  <Code code="CHEST" display="Chest unit" codingScheme="2.16.840.1.113883.5.11" /> 
  <Code code="CHR" display="Chronic care unit" codingScheme="2.16.840.1.113883.5.11" /> 
  <Code code="COAG" display="Coagulation clinic" codingScheme="2.16.840.1.113883.5.11" /> 
  <Code code="COMM" display="Community Location" codingScheme="2.16.840.1.113883.5.11" /> 
  <Code code="CRS" display="Colon and rectal surgery clinic" codingScheme="2.16.840.1.113883.5.11" /> 
  <Code code="CVDX" display="Cardiovascular diagnostics or therepeutics unit" codingScheme="2.16.840.1.113883.5.11" /> 
  <Code code="DADDR" display="Delvery Address" codingScheme="2.16.840.1.113883.5.11" /> 
  <Code code="DERM" display="Dermatology clinic" codingScheme="2.16.840.1.113883.5.11" /> 
  <Code code="DX" display="Diagnostics or therapeutics unit" codingScheme="2.16.840.1.113883.5.11" /> 
  <Code code="ECHO" display="Echocardiography lab" codingScheme="2.16.840.1.113883.5.11" /> 
  <Code code="ENDO" display="Endocrinology clinic" codingScheme="2.16.840.1.113883.5.11" /> 
  <Code code="ENDOS" display="Endoscopy lab" codingScheme="2.16.840.1.113883.5.11" /> 
  <Code code="ENT" display="Otorhimolaryngology clinic" codingScheme="2.16.840.1.113883.5.11" /> 
  <Code code="EPIL" display="Epilepsy unit" codingScheme="2.16.840.1.113883.5.11" /> 
  <Code code="ER" display="Emergency room" codingScheme="2.16.840.1.113883.5.11" /> 
  <Code code="ETU" display="Emergency Trauma unit" codingScheme="2.16.840.1.113883.5.11" /> 
  <Code code="FMC" display="Family medicine clinic" codingScheme="2.16.840.1.113883.5.11" /> 
  <Code code="GACH" display="Hospitals; General Acute Care Hospital" codingScheme="2.16.840.1.113883.5.11" /> 
  <Code code="GI" display="Gastroenterology clinic" codingScheme="2.16.840.1.113883.5.11" /> 
  <Code code="GIDX" display="Gasteroenterology diagnosis or theraputics lab" codingScheme="2.16.840.1.113883.5.11" /> 
  <Code code="GIM" display="General internal medicine clinic" codingScheme="2.16.840.1.113883.5.11" /> 
  <Code code="GYN" display="Gynecology clinic" codingScheme="2.16.840.1.113883.5.11" /> 
  <Code code="HAND" display="Hand clinic" codingScheme="2.16.840.1.113883.5.11" /> 
  <Code code="HD" display="Hemodialysis unit" codingScheme="2.16.840.1.113883.5.11" /> 
  <Code code="HEM" display="Hemotology clinic" codingScheme="2.16.840.1.113883.5.11" /> 
  <Code code="HOSP" display="Hospitals" codingScheme="2.16.840.1.113883.5.11" /> 
  <Code code="HTN" display="Hypertension clinic" codingScheme="2.16.840.1.113883.5.11" /> 
  <Code code="HU" display="Hospital unit" codingScheme="2.16.840.1.113883.5.11" /> 
  <Code code="ICU" display="Intesnive care unit" codingScheme="2.16.840.1.113883.5.11" /> 
  <Code code="IEC" display="Impairment evaluation center" codingScheme="2.16.840.1.113883.5.11" /> 
  <Code code="INFD" display="Infectious disease center" codingScheme="2.16.840.1.113883.5.11" /> 
  <Code code="INV" display="Infertility clinic" codingScheme="2.16.840.1.113883.5.11" /> 
  <Code code="LYMPH" display="Lympedema clinic" codingScheme="2.16.840.1.113883.5.11" /> 
  <Code code="MGEN" display="Medical genetics clinic" codingScheme="2.16.840.1.113883.5.11" /> 
  <Code code="MHSP" display="Military Hospital" codingScheme="2.16.840.1.113883.5.11" /> 
  <Code code="MOBL" display="Mobile unit" codingScheme="2.16.840.1.113883.5.11" /> 
  <Code code="NCCF" display="Nursing or custodial care facility" codingScheme="2.16.840.1.113883.5.11" /> 
  <Code code="NCCS" display="Neurology critical care and stroke unit" codingScheme="2.16.840.1.113883.5.11" /> 
  <Code code="NEPH" display="Nephrology clinic" codingScheme="2.16.840.1.113883.5.11" /> 
  <Code code="NEUR" display="Neurology clinic" codingScheme="2.16.840.1.113883.5.11" /> 
  <Code code="NS" display="Neurosurgery unit" codingScheme="2.16.840.1.113883.5.11" /> 
  <Code code="OB" display="Obstetrics clinic" codingScheme="2.16.840.1.113883.5.11" /> 
  <Code code="OF" display="Outpatient facility" codingScheme="2.16.840.1.113883.5.11" /> 
  <Code code="OMS" display="Oral and maxillofacial surgery clinic" codingScheme="2.16.840.1.113883.5.11" /> 
  <Code code="ONCL" display="Medical oncology clinic" codingScheme="2.16.840.1.113883.5.11" /> 
  <Code code="OPH" display="Opthamology clinic" codingScheme="2.16.840.1.113883.5.11" /> 
  <Code code="ORTHO" display="Orthopedics clinic" codingScheme="2.16.840.1.113883.5.11" /> 
  <Code code="PAINCL" display="Pain clinic" codingScheme="2.16.840.1.113883.5.11" /> 
  <Code code="PC" display="Primary care clinic" codingScheme="2.16.840.1.113883.5.11" /> 
  <Code code="PEDC" display="Pediatrics clinic" codingScheme="2.16.840.1.113883.5.11" /> 
  <Code code="PEDCARD" display="Pediatric cardiology clinic" codingScheme="2.16.840.1.113883.5.11" /> 
  <Code code="PEDE" display="Pediatric endocrinolgy clinci" codingScheme="2.16.840.1.113883.5.11" /> 
  <Code code="PEDGI" display="Pediatric gastroeneterolgy clinic" codingScheme="2.16.840.1.113883.5.11" /> 
  <Code code="PEDHEM" display="Pediatric hematology clinic" codingScheme="2.16.840.1.113883.5.11" /> 
  <Code code="PEDHO" display="Pediatric oncology clinic" codingScheme="2.16.840.1.113883.5.11" /> 
  <Code code="PEDICU" display="Pediatric intensive care unit" codingScheme="2.16.840.1.113883.5.11" /> 
  <Code code="PEDID" display="Pediatric infectious disease clinic" codingScheme="2.16.840.1.113883.5.11" /> 
  <Code code="PEDNEPH" display="Pediatric nephrology clinic" codingScheme="2.16.840.1.113883.5.11" /> 
  <Code code="PEDNICU" display="Pediatric neonatal intesive care unit" codingScheme="2.16.840.1.113883.5.11" /> 
  <Code code="PEDRHEUM" display="Pediatric rheumatology clinic" codingScheme="2.16.840.1.113883.5.11" /> 
  <Code code="PEDU" display="Pediatric unit" codingScheme="2.16.840.1.113883.5.11" /> 
  <Code code="PHARM" display="Pharmacy" codingScheme="2.16.840.1.113883.5.11" /> 
  <Code code="PHU" display="Pyschiatric hospital unit" codingScheme="2.16.840.1.113883.5.11" /> 
  <Code code="PLS" display="Plastic surgery clinic" codingScheme="2.16.840.1.113883.5.11" /> 
  <Code code="POD" display="Podiatry clinic" codingScheme="2.16.840.1.113883.5.11" /> 
  <Code code="PRC" display="Pain rehabilitation center" codingScheme="2.16.840.1.113883.5.11" /> 
  <Code code="PREV" display="Preventive medicine clinic" codingScheme="2.16.840.1.113883.5.11" /> 
  <Code code="PROCTO" display="Proctology clinic" codingScheme="2.16.840.1.113883.5.11" /> 
  <Code code="PROFF" display="Provider's office" codingScheme="2.16.840.1.113883.5.11" /> 
  <Code code="PROS" display="Prosthodontics clinic" codingScheme="2.16.840.1.113883.5.11" /> 
  <Code code="PSI" display="Phychology clinic" codingScheme="2.16.840.1.113883.5.11" /> 
  <Code code="PSY" display="Psychiatry clinic" codingScheme="2.16.840.1.113883.5.11" /> 
  <Code code="PSYCHF" display="Psychiatric care facility" codingScheme="2.16.840.1.113883.5.11" /> 
  <Code code="PTRES" display="Patient's residence" codingScheme="2.16.840.1.113883.5.11" /> 
  <Code code="RADDX" display="Radiology diagnostics or therapeutics unit" codingScheme="2.16.840.1.113883.5.11" /> 
  <Code code="RADO" display="Radiation oncology unit" codingScheme="2.16.840.1.113883.5.11" /> 
  <Code code="RH" display="Rehabilitation hospital" codingScheme="2.16.840.1.113883.5.11" /> 
  <Code code="RHEUM" display="Rheumatology clinic" codingScheme="2.16.840.1.113883.5.11" /> 
  <Code code="RHU" display="Rehabilitation hospital unit" codingScheme="2.16.840.1.113883.5.11" /> 
  <Code code="RNEU" display="Neuroradiology unit" codingScheme="2.16.840.1.113883.5.11" /> 
  <Code code="RTF" display="Residential treatment Facility" codingScheme="2.16.840.1.113883.5.11" /> 
  <Code code="SCHOOL" display="school" codingScheme="2.16.840.1.113883.5.11" /> 
  <Code code="SLEEP" display="Sleep disporders unit" codingScheme="2.16.840.1.113883.5.11" /> 
  <Code code="SNF" display="Skilled nursing facility" codingScheme="2.16.840.1.113883.5.11" /> 
  <Code code="SPMED" display="Sports medicine clinic" codingScheme="2.16.840.1.113883.5.11" /> 
  <Code code="SU" display="Surgery clinic" codingScheme="2.16.840.1.113883.5.11" /> 
  <Code code="SURF" display="Substance use rehabilitation facility" codingScheme="2.16.840.1.113883.5.11" /> 
  <Code code="TR" display="Transplant clinic" codingScheme="2.16.840.1.113883.5.11" /> 
  <Code code="TRAVEL" display="Travel and geographic medicine clinit" codingScheme="2.16.840.1.113883.5.11" /> 
  <Code code="URO" display="Urology clinic" codingScheme="2.16.840.1.113883.5.11" /> 
  <Code code="WND" display="Wound clinic" codingScheme="2.16.840.1.113883.5.11" /> 
  <Code code="WORK" display="work site" codingScheme="2.16.840.1.113883.5.11" /> 
 <!--  End NHIN 2009 
  --> 
  <Code code="Home" display="Home" codingScheme="Connect-a-thon healthcareFacilityTypeCodes" /> 
  <Code code="Assisted Living" display="Assisted Living" codingScheme="Connect-a-thon healthcareFacilityTypeCodes" /> 
  <Code code="Home Health Care" display="Home Health Care" codingScheme="Connect-a-thon healthcareFacilityTypeCodes" /> 
  <Code code="Hospital Setting" display="Hospital Setting" codingScheme="Connect-a-thon healthcareFacilityTypeCodes" /> 
  <Code code="Acute care hospital" display="Acute care hospital" codingScheme="Connect-a-thon healthcareFacilityTypeCodes" /> 
  <Code code="Hospital Unit" display="Hospital Unit" codingScheme="Connect-a-thon healthcareFacilityTypeCodes" /> 
  <Code code="Critical Care Unit" display="Critical Care Unit" codingScheme="Connect-a-thon healthcareFacilityTypeCodes" /> 
  <Code code="Emergency Department" display="Emergency Department" codingScheme="Connect-a-thon healthcareFacilityTypeCodes" /> 
  <Code code="Observation Ward" display="Observation Ward" codingScheme="Connect-a-thon healthcareFacilityTypeCodes" /> 
  <Code code="Rehabilitation hospital" display="Rehabilitation hospital" codingScheme="Connect-a-thon healthcareFacilityTypeCodes" /> 
  <Code code="Nursing Home" display="Nursing Home" codingScheme="Connect-a-thon healthcareFacilityTypeCodes" /> 
  <Code code="Skilled Nursing Facility" display="Skilled Nursing Facility" codingScheme="Connect-a-thon healthcareFacilityTypeCodes" /> 
  <Code code="Outpatient" display="Outpatient" codingScheme="Connect-a-thon healthcareFacilityTypeCodes" /> 
  <Code code="Outpatient" display="Outpatient" codingScheme="Connect-a-thon healthcareFacilityTypeCodes 2" /> 
 <!-- 
  Codes for testing MPQ - since no patient id restrictions are used we need to have
		some really restricted codes that are not used elsewhere.  Do not submit metadata with 
		these codes unless you are testing MPQ 

  --> 
  <Code code="MPQ-hcftcode-1" codingScheme="MPQ Testing" display="MPQ-hcftcode-1" /> 
  <Code code="MPQ-hcftcode-2" codingScheme="MPQ Testing" display="MPQ-hcftcode-2" /> 
  </CodeType>
 <CodeType name="practiceSettingCode" classScheme="urn:uuid:cccf5598-8b07-4b77-a05e-ae952c785ead">
 <!--  Added Sept, 2009 NHIN 
  --> 
  <Code code="394802001" display="General Medicine" codingScheme="2.16.840.1.113883.6.96" /> 
  <Code code="408478003" display="Critical Care Medicine" codingScheme="2.16.840.1.113883.6.96" /> 
  <Code code="410001006" display="Military Medicine" codingScheme="2.16.840.1.113883.6.96" /> 
  <Code code="Anesthesia" display="Anesthesia" codingScheme="Connect-a-thon practiceSettingCodes" /> 
  <Code code="Cardiology" display="Cardiology" codingScheme="Connect-a-thon practiceSettingCodes" /> 
  <Code code="Case Manager" display="Case Manager" codingScheme="Connect-a-thon practiceSettingCodes" /> 
  <Code code="Chaplain" display="Chaplain" codingScheme="Connect-a-thon practiceSettingCodes" /> 
  <Code code="Chemotherapy" display="Chemotherapy" codingScheme="Connect-a-thon practiceSettingCodes" /> 
  <Code code="Chiropractic" display="Chiropractic" codingScheme="Connect-a-thon practiceSettingCodes" /> 
  <Code code="Critical Care" display="Critical Care" codingScheme="Connect-a-thon practiceSettingCodes" /> 
  <Code code="Dentistry" display="Dentistry" codingScheme="Connect-a-thon practiceSettingCodes" /> 
  <Code code="Diabetology" display="Diabetology" codingScheme="Connect-a-thon practiceSettingCodes" /> 
  <Code code="Dialysis" display="Dialysis" codingScheme="Connect-a-thon practiceSettingCodes" /> 
  <Code code="Dialysis" display="Dialysis" codingScheme="Connect-a-thon practiceSettingCodes 2" /> 
  <Code code="Emergency" display="Emergency" codingScheme="Connect-a-thon practiceSettingCodes" /> 
  <Code code="Endocrinology" display="Endocrinology" codingScheme="Connect-a-thon practiceSettingCodes" /> 
  <Code code="Gastroenterology" display="Gastroenterology" codingScheme="Connect-a-thon practiceSettingCodes" /> 
  <Code code="General Medicine" display="General Medicine" codingScheme="Connect-a-thon practiceSettingCodes" /> 
  <Code code="General Surgery" display="General Surgery" codingScheme="Connect-a-thon practiceSettingCodes" /> 
  <Code code="Gynecology" display="Gynecology" codingScheme="Connect-a-thon practiceSettingCodes" /> 
  <Code code="Labor and Delivery" display="Labor and Delivery" codingScheme="Connect-a-thon practiceSettingCodes" /> 
  <Code code="Laboratory" display="Laboratory" codingScheme="Connect-a-thon practiceSettingCodes" /> 
  <Code code="Multidisciplinary" display="Multidisciplinary" codingScheme="Connect-a-thon practiceSettingCodes" /> 
  <Code code="Neonatal Intensive Care" display="Neonatal Intensive Care" codingScheme="Connect-a-thon practiceSettingCodes" /> 
  <Code code="Neurosurgery" display="Neurosurgery" codingScheme="Connect-a-thon practiceSettingCodes" /> 
  <Code code="Nursery" display="Nursery" codingScheme="Connect-a-thon practiceSettingCodes" /> 
  <Code code="Nursing" display="Nursing" codingScheme="Connect-a-thon practiceSettingCodes" /> 
  <Code code="Obstetrics" display="Obstetrics" codingScheme="Connect-a-thon practiceSettingCodes" /> 
  <Code code="Occupational Therapy" display="Occupational Therapy" codingScheme="Connect-a-thon practiceSettingCodes" /> 
  <Code code="Ophthalmology" display="Ophthalmology" codingScheme="Connect-a-thon practiceSettingCodes" /> 
  <Code code="Optometry" display="Optometry" codingScheme="Connect-a-thon practiceSettingCodes" /> 
  <Code code="Orthopedics" display="Orthopedics" codingScheme="Connect-a-thon practiceSettingCodes" /> 
  <Code code="Otorhinolaryngology" display="Otorhinolaryngology" codingScheme="Connect-a-thon practiceSettingCodes" /> 
  <Code code="Pathology" display="Pathology" codingScheme="Connect-a-thon practiceSettingCodes" /> 
  <Code code="Perioperative" display="Perioperative" codingScheme="Connect-a-thon practiceSettingCodes" /> 
  <Code code="Pharmacacy" display="Pharmacacy" codingScheme="Connect-a-thon practiceSettingCodes" /> 
  <Code code="Physical Medicine" display="Physical Medicine" codingScheme="Connect-a-thon practiceSettingCodes" /> 
  <Code code="Plastic Surgery" display="Plastic Surgery" codingScheme="Connect-a-thon practiceSettingCodes" /> 
  <Code code="Podiatry" display="Podiatry" codingScheme="Connect-a-thon practiceSettingCodes" /> 
  <Code code="Psychiatry" display="Psychiatry" codingScheme="Connect-a-thon practiceSettingCodes" /> 
  <Code code="Pulmonary" display="Pulmonary" codingScheme="Connect-a-thon practiceSettingCodes" /> 
  <Code code="Radiology" display="Radiology" codingScheme="Connect-a-thon practiceSettingCodes" /> 
  <Code code="Social Services" display="Social Services" codingScheme="Connect-a-thon practiceSettingCodes" /> 
  <Code code="Speech Therapy" display="Speech Therapy" codingScheme="Connect-a-thon practiceSettingCodes" /> 
  <Code code="Thyroidology" display="Thyroidology" codingScheme="Connect-a-thon practiceSettingCodes" /> 
  <Code code="Tumor Board" display="Tumor Board" codingScheme="Connect-a-thon practiceSettingCodes" /> 
  <Code code="Urology" display="Urology" codingScheme="Connect-a-thon practiceSettingCodes" /> 
  <Code code="Home" display="Home" codingScheme="Connect-a-thon practiceSettingCodes" /> 
  <Code code="Veterinary Medicine" display="Veterinary Medicine" codingScheme="Connect-a-thon practiceSettingCodes" /> 
  </CodeType>
 <CodeType name="eventCodeList" classScheme="urn:uuid:2c6b8cb7-8b2a-4051-b291-b1ae6a575ef4">
 <!-- 
 
        These codes were generated for RSNA 2008
        

  --> 
  <Code code="TRID1001" display="XRAY CHEST Orderable" codingScheme="RSNA2008 eventCodeList" /> 
  <Code code="TRID1002" display="XRAY CHEST Procedure" codingScheme="RSNA2008 eventCodeList" /> 
  <Code code="TRID1003" display="RSNA XRAY CHEST FOR SCREENING Protocol" codingScheme="RSNA2008 eventCodeList" /> 
  <Code code="TRID1004" display="XRAY CHEST PA Procedure Step" codingScheme="RSNA2008 eventCodeList" /> 
  <Code code="TRID1031" display="XRAY CHEST LATERAL LEFT Procedure Step" codingScheme="RSNA2008 eventCodeList" /> 
  <Code code="TRID1014" display="XRAY PORTABLE CHEST TRAUMA Orderable" codingScheme="RSNA2008 eventCodeList" /> 
  <Code code="TRID1015" display="XRAY CHEST PORTABLE TRAUMA Procedure" codingScheme="RSNA2008 eventCodeList" /> 
  <Code code="TRID1016" display="RSNA XRAY CHEST FOR TRAUMA Protocol" codingScheme="RSNA2008 eventCodeList" /> 
  <Code code="TRID1005" display="XRAY PORTABLE CHEST AP Procedure Step" codingScheme="RSNA2008 eventCodeList" /> 
  <Code code="TRID1017" display="CT TRUNK ADENOPATHY Orderable" codingScheme="RSNA2008 eventCodeList" /> 
  <Code code="TRID1018" display="CT TRUNK ADENOPATHY Procedure" codingScheme="RSNA2008 eventCodeList" /> 
  <Code code="TRID1019" display="RSNA CT TRUNK FOR ADENOPATHY Protocol" codingScheme="RSNA2008 eventCodeList" /> 
  <Code code="TRID1007" display="ADMIN ORAL CONTRAST Procedure Step" codingScheme="RSNA2008 eventCodeList" /> 
  <Code code="TRID1008" display="TIME DELAY 60 MIN Procedure Step" codingScheme="RSNA2008 eventCodeList" /> 
  <Code code="TRID1009" display="CT LOCALIZER AP TRUNK Procedure Step" codingScheme="RSNA2008 eventCodeList" /> 
  <Code code="TRID1010" display="INJECT IV CONTRAST Procedure Step" codingScheme="RSNA2008 eventCodeList" /> 
  <Code code="TRID1011" display="CT ACQUISITION AXIAL THIN TRUNK Procedure Step" codingScheme="RSNA2008 eventCodeList" /> 
  <Code code="TRID1012" display="CT RECONSTRUCTION CORONAL THIN TRUNK Procedure Step" codingScheme="RSNA2008 eventCodeList" /> 
  <Code code="TRID1013" display="CT RECONSTRUCTION SAGGITAL THIN TRUNK Procedure Step" codingScheme="RSNA2008 eventCodeList" /> 
  <Code code="TRID1020" display="DISMISS PATIENT Procedure Step" codingScheme="RSNA2008 eventCodeList" /> 
  <Code code="TRID1021" display="MRI KNEE RIGHT PAIN Orderable" codingScheme="RSNA2008 eventCodeList" /> 
  <Code code="TRID1022" display="MRI KNEE RIGHT PAIN Procedure" codingScheme="RSNA2008 eventCodeList" /> 
  <Code code="TRID1023" display="MRI KNEE RIGHT FOR PAIN Protocol" codingScheme="RSNA2008 eventCodeList" /> 
  <Code code="TRID1024" display="MR LOCALIZER MULTIPLANAR KNEE RIGHT Procedure Step" codingScheme="RSNA2008 eventCodeList" /> 
  <Code code="TRID1025" display="MR ACQUISITION AXIAL T2P-2D(SE_M)_N/M KNEE RIGHT Procedure Step" codingScheme="RSNA2008 eventCodeList" /> 
  <Code code="TRID1026" display="MR ACQUISITION SAGGITAL PD-2D(SE_M)_N/M KNEE RIGHT Procedure Step" codingScheme="RSNA2008 eventCodeList" /> 
  <Code code="TRID1027" display="MR ACQUISITION SAGGITAL T2P-2D(SE_M)_N/M KNEE RIGHT Procedure Step" codingScheme="RSNA2008 eventCodeList" /> 
  <Code code="TRID1028" display="MR ACQUISITION CORONAL T2P-2D(SE_M)_N/M KNEE RIGHT Procedure Step" codingScheme="RSNA2008 eventCodeList" /> 
  <Code code="TRID1029" display="MR ACQUISITION CORONAL T1R-2D(SE_1)_N KNEE RIGHT Procedure Step" codingScheme="RSNA2008 eventCodeList" /> 
  <Code code="TRID1030" display="MR ACQUISITION CORONAL PD-2D(SE_M)_N/M KNEE RIGHT Procedure Step" codingScheme="RSNA2008 eventCodeList" /> 
 <!-- 
			The following codes represent policies that may be Acknowledged by
			the patient using the BPPC Content Profile
		

  --> 
  <Code code="1.3.6.1.4.1.21367.2006.7.106" display="OPT-OUT" codingScheme="Connect-a-thon eventCodeList" /> 
  <Code code="1.3.6.1.4.1.21367.2006.7.108" display="OPT-IN" codingScheme="Connect-a-thon eventCodeList" /> 
  <Code code="1.3.6.1.4.1.21367.2006.7.111" display="Authorize Capmed as PHR" codingScheme="Connect-a-thon eventCodeList" /> 
  <Code code="1.3.6.1.4.1.21367.2006.7.112" display="Authorize Care Evolution as PHR" codingScheme="Connect-a-thon eventCodeList" /> 
  <Code code="1.3.6.1.4.1.21367.2006.7.113" display="Authorize Acme as PHR" codingScheme="Connect-a-thon eventCodeList" /> 
  <Code code="1.3.6.1.4.1.21367.2006.7.114" display="Authorize ABC as PHR" codingScheme="Connect-a-thon eventCodeList" /> 
  <Code code="1.3.6.1.4.1.21367.2006.7.115" display="Authorize XYZ as PHR" codingScheme="Connect-a-thon eventCodeList" /> 
  <Code code="Colonoscopy" display="Colonoscopy" codingScheme="Connect-a-thon eventCodeList" /> 
  <Code code="Appendectomy," display="Appendectomy" codingScheme="Connect-a-thon eventCodeList" /> 
  <Code code="Amputation," display="Amputation" codingScheme="Connect-a-thon eventCodeList" /> 
 <!--  Anatomic Region Codes: CID 4 
  --> 
 <!--  CID 4030 include 
  --> 
 <!--  CID 4031 include 
  --> 
  <Code codingScheme="SNM3" code="T-D4000" display="Abdomen" /> 
  <Code codingScheme="SRT" code="R-FAB57" display="Abdomen and Pelvis" /> 
  <Code codingScheme="SNM3" code="T-15420" display="Acromioclavicular joint" /> 
  <Code codingScheme="SNM3" code="T-15750" display="Ankle joint" /> 
  <Code codingScheme="SNM3" code="T-280A0" display="Apex of Lung" /> 
  <Code codingScheme="SNM3" code="T-D8200" display="Arm" /> 
  <Code codingScheme="SNM3" code="T-60610" display="Bile duct" /> 
  <Code codingScheme="SNM3" code="T-74000" display="Bladder" /> 
  <Code codingScheme="SNM3" code="T-04000" display="Breast" /> 
  <Code codingScheme="SNM3" code="T-26000" display="Bronchus" /> 
  <Code codingScheme="SNM3" code="T-12770" display="Calcaneus" /> 
  <Code codingScheme="SNM3" code="T-11501" display="Cervical spine" /> 
  <Code codingScheme="SRT" code="T-D00F7" display="Cervico-thoracic spine" /> 
  <Code codingScheme="SNM3" code="T-D3000" display="Chest" /> 
  <Code codingScheme="SRT" code="R-FAB55" display="Chest and Abdomen" /> 
  <Code codingScheme="SRT" code="R-FAB56" display="Chest, Abdomen and Pelvis" /> 
  <Code codingScheme="SNM3" code="T-12310" display="Clavicle" /> 
  <Code codingScheme="SNM3" code="T-11BF0" display="Coccyx" /> 
  <Code codingScheme="SNM3" code="T-59300" display="Colon" /> 
  <Code codingScheme="SNM3" code="T-58200" display="Duodenum" /> 
  <Code codingScheme="SNM3" code="T-D8300" display="Elbow" /> 
  <Code codingScheme="SRT" code="T-D0010" display="Entire body" /> 
  <Code codingScheme="SRT" code="T-D00CC" display="Entire spine" /> 
  <Code codingScheme="SNM3" code="T-56000" display="Esophagus" /> 
  <Code codingScheme="SRT" code="T-DD163" display="Esophagus, stomach and duodenum" /> 
  <Code codingScheme="SNM3" code="T-D0300" display="Extremity" /> 
  <Code codingScheme="SNM3" code="T-11196" display="Facial bones" /> 
  <Code codingScheme="SNM3" code="T-12710" display="Femur" /> 
  <Code codingScheme="SNM3" code="T-D8800" display="Finger" /> 
  <Code codingScheme="SNM3" code="T-D9700" display="Foot" /> 
  <Code codingScheme="SNM3" code="T-12402" display="Forearm bone" /> 
  <Code codingScheme="SNM3" code="T-63000" display="Gall bladder" /> 
  <Code codingScheme="SNM3" code="T-D8700" display="Hand" /> 
  <Code codingScheme="SNM3" code="T-D1100" display="Head" /> 
  <Code codingScheme="SRT" code="T-D1000" display="Head and Neck" /> 
  <Code codingScheme="SNM3" code="T-32000" display="Heart" /> 
  <Code codingScheme="SNM3" code="T-15710" display="Hip joint" /> 
  <Code codingScheme="SNM3" code="T-12410" display="Humerus" /> 
  <Code codingScheme="SNM3" code="T-58600" display="Ileum" /> 
  <Code codingScheme="SRT" code="T-AB959" display="Internal Auditory Canal" /> 
  <Code codingScheme="SNM3" code="T-D1213" display="Jaw region" /> 
  <Code codingScheme="SNM3" code="T-58400" display="Jejunum" /> 
  <Code codingScheme="SNM3" code="T-D9200" display="Knee" /> 
  <Code codingScheme="SNM3" code="T-59000" display="Large intestine" /> 
  <Code codingScheme="SNM3" code="T-24100" display="Larynx" /> 
  <Code codingScheme="SNM3" code="T-D9400" display="Leg" /> 
  <Code codingScheme="SNM3" code="T-11503" display="Lumbar spine" /> 
  <Code codingScheme="SRT" code="T-D00F9" display="Lumbo-sacral spine" /> 
  <Code codingScheme="SNM3" code="T-11180" display="Mandible" /> 
  <Code codingScheme="SNM3" code="T-11133" display="Mastoid bone" /> 
  <Code codingScheme="SNM3" code="T-11170" display="Maxilla" /> 
  <Code codingScheme="SNM3" code="T-D3300" display="Mediastinum" /> 
  <Code codingScheme="SNM3" code="T-11149" display="Nasal bone" /> 
  <Code codingScheme="SNM3" code="T-D1600" display="Neck" /> 
  <Code codingScheme="SRT" code="R-FAB52" display="Neck and Chest" /> 
  <Code codingScheme="SRT" code="R-FAB53" display="Neck, Chest and Abdomen" /> 
  <Code codingScheme="SRT" code="R-FAB54" display="Neck, Chest, Abdomen and Pelvis" /> 
  <Code codingScheme="SNM3" code="T-11102" display="Optic canal" /> 
  <Code codingScheme="SNM3" code="T-D0801" display="Orbital region" /> 
  <Code codingScheme="SRT" code="T-65600" display="Pancreatic duct and bile duct systems" /> 
  <Code codingScheme="SNM3" code="T-22000" display="Paranasal sinus" /> 
  <Code codingScheme="SNM3" code="T-61100" display="Parotid gland" /> 
  <Code codingScheme="SNM3" code="T-12730" display="Patella" /> 
  <Code codingScheme="SNM3" code="T-D6000" display="Pelvis" /> 
  <Code codingScheme="SRT" code="R-FAB58" display="Pelvis and lower extremeties" /> 
  <Code codingScheme="SRT" code="T-9200B" display="Prostate" /> 
  <Code codingScheme="SNM3" code="T-59600" display="Rectum" /> 
  <Code codingScheme="SNM3" code="T-11300" display="Rib" /> 
  <Code codingScheme="SNM3" code="T-15680" display="Sacroiliac joint" /> 
  <Code codingScheme="SNM3" code="T-11AD0" display="Sacrum" /> 
  <Code codingScheme="SNM3" code="T-12280" display="Scapula" /> 
  <Code codingScheme="SNM3" code="T-D1460" display="Sella turcica" /> 
  <Code codingScheme="SNM3" code="T-12980" display="Sesamoid bones of foot" /> 
  <Code codingScheme="SNM3" code="T-D2220" display="Shoulder" /> 
  <Code codingScheme="SNM3" code="T-11100" display="Skull" /> 
  <Code codingScheme="SNM3" code="T-58000" display="Small intestine" /> 
  <Code codingScheme="SNM3" code="T-11500" display="Spine" /> 
  <Code codingScheme="SNM3" code="T-15610" display="Sternoclavicular joint" /> 
  <Code codingScheme="SNM3" code="T-11210" display="Sternum" /> 
  <Code codingScheme="SNM3" code="T-57000" display="Stomach" /> 
  <Code codingScheme="SNM3" code="T-61300" display="Submandibular gland" /> 
  <Code codingScheme="SNM3" code="T-15770" display="Tarsal joint" /> 
  <Code codingScheme="SNM3" code="T-15290" display="Temporomandibular joint" /> 
  <Code codingScheme="SNM3" code="T-11502" display="Thoracic spine" /> 
  <Code codingScheme="SRT" code="T-D00F8" display="Thoraco-lumbar spine" /> 
  <Code codingScheme="SNM3" code="T-D8810" display="Thumb" /> 
  <Code codingScheme="SNM3" code="T-D9800" display="Toe" /> 
  <Code codingScheme="SNM3" code="T-25000" display="Trachea" /> 
  <Code codingScheme="SNM3" code="T-70010" display="Upper urinary tract" /> 
  <Code codingScheme="SRT" code="T-73800" display="Ureter" /> 
  <Code codingScheme="SNM3" code="T-75000" display="Urethra" /> 
  <Code codingScheme="SNM3" code="T-88920" display="Uterus and fallopian tubes" /> 
 <!--  End of CID 4031 include 
  --> 
  <Code codingScheme="SNM3" code="T-42501" display="Abdominal aorta" /> 
  <Code codingScheme="SRT" code="T-41070" display="Abdominal aorta and its branches" /> 
  <Code codingScheme="SNM3" code="T-B3000" display="Adrenal gland" /> 
  <Code codingScheme="SNM3" code="T-42303" display="Aortic arch" /> 
  <Code codingScheme="SNM3" code="T-A0100" display="Brain" /> 
  <Code codingScheme="SNM3" code="T-45011" display="Carotid" /> 
  <Code codingScheme="SNM3" code="T-A600A" display="Cerebellum" /> 
  <Code codingScheme="SNM3" code="T-45526" display="Circle of Willis" /> 
  <Code codingScheme="SRT" code="T-43000" display="Coronary artery" /> 
  <Code codingScheme="SNM3" code="T-A0193" display="Cranial venous system" /> 
  <Code codingScheme="SNM3" code="T-41040" display="Iliac arterial system" /> 
  <Code codingScheme="SNM3" code="T-D4909" display="Kidney" /> 
  <Code codingScheme="SNM3" code="T-62002" display="Liver" /> 
  <Code codingScheme="SNM3" code="T-D4034" display="Pancreas" /> 
  <Code codingScheme="SNM3" code="T-B7000" display="Parathyroid" /> 
  <Code codingScheme="SRT" code="T-44000" display="Pulmonary artery" /> 
  <Code codingScheme="SRT" code="T-46600" display="Renal artery" /> 
  <Code codingScheme="SNM3" code="T-D4035" display="Spleen" /> 
  <Code codingScheme="SNM3" code="T-9400F" display="Testis" /> 
  <Code codingScheme="SNM3" code="T-4600A" display="Thoracic aorta" /> 
  <Code codingScheme="SNM3" code="T-C8001" display="Thymus" /> 
  <Code codingScheme="SNM3" code="T-B6000" display="Thyroid" /> 
  <Code codingScheme="SNM3" code="T-83009" display="Uterus" /> 
 <!--  End of CID 4030 include 
  --> 
 <!--  CID 4040 include 
  --> 
  <Code codingScheme="SRT" code="T-D4000" display="Abdomen" /> 
  <Code codingScheme="SRT" code="T-59490" display="Anus, rectum and sigmoid colon" /> 
  <Code codingScheme="SRT" code="T-60610" display="Bile duct" /> 
  <Code codingScheme="SRT" code="T-74000" display="Bladder" /> 
  <Code codingScheme="SRT" code="T-DD123" display="Bladder and urethra" /> 
  <Code codingScheme="SRT" code="T-26000" display="Bronchus" /> 
  <Code codingScheme="SRT" code="T-83200" display="Cervix" /> 
  <Code codingScheme="SRT" code="T-D3000" display="Chest" /> 
  <Code codingScheme="SRT" code="T-DD163" display="Esophagus, stomach and duodenum" /> 
  <Code codingScheme="SRT" code="T-AB200" display="External auditory canal" /> 
  <Code codingScheme="SRT" code="T-63000" display="Gall bladder" /> 
  <Code codingScheme="SRT" code="T-D7000" display="Inguinal region" /> 
  <Code codingScheme="SRT" code="T-15001" display="Joint" /> 
  <Code codingScheme="SRT" code="T-71000" display="Kidney" /> 
  <Code codingScheme="SRT" code="T-D9200" display="Knee" /> 
  <Code codingScheme="SRT" code="T-59000" display="Large intestine" /> 
  <Code codingScheme="SRT" code="T-24100" display="Larynx" /> 
  <Code codingScheme="SRT" code="T-40230" display="Lumen of blood vessel" /> 
  <Code codingScheme="SRT" code="T-D3300" display="Mediastinum" /> 
  <Code codingScheme="SRT" code="T-2300C" display="Naso pharynx" /> 
  <Code codingScheme="SRT" code="T-22000" display="Paranasal sinus" /> 
  <Code codingScheme="SRT" code="T-55002" display="Pharynx" /> 
  <Code codingScheme="SRT" code="T-20101" display="Pharynx and larynx" /> 
  <Code codingScheme="SRT" code="T-59600" display="Rectum" /> 
  <Code codingScheme="SRT" code="T-D2220" display="Shoulder" /> 
  <Code codingScheme="SRT" code="T-59470" display="Sigmoid colon" /> 
  <Code codingScheme="SRT" code="T-11500" display="Spine" /> 
  <Code codingScheme="SRT" code="T-DD006" display="Trachea and bronchus" /> 
  <Code codingScheme="SRT" code="T-70010" display="Upper urinary tract" /> 
  <Code codingScheme="SRT" code="T-73800" display="Ureter" /> 
  <Code codingScheme="SRT" code="T-88920" display="Uterus and fallopian tubes" /> 
 <!--  End of CID 4040 include 
  --> 
 <!--  CID 4042 include 
  --> 
 <!--  CID 3010 include 
  --> 
  <Code codingScheme="SNM3" code="T-42500" display="Abdominal aorta" /> 
  <Code codingScheme="SRT" code="T-48503" display="Anomalous pulmonary vein" /> 
  <Code codingScheme="SRT" code="T-49215" display="Antecubital vein" /> 
  <Code codingScheme="SNM3" code="T-48440" display="Anterior cardiac vein" /> 
  <Code codingScheme="SNM3" code="T-45530" display="Anterior communicating artery" /> 
  <Code codingScheme="SNM3" code="T-45730" display="Anterior spinal artery" /> 
  <Code codingScheme="SNM3" code="T-47700" display="Anterior tibial artery" /> 
  <Code codingScheme="SNM3" code="T-42000" display="Aorta" /> 
  <Code codingScheme="SNM3" code="T-42300" display="Aortic arch" /> 
  <Code codingScheme="SRT" code="D3-81922" display="Aortic fistula" /> 
  <Code codingScheme="SRT" code="T-32602" display="Apex of left ventricle" /> 
  <Code codingScheme="SRT" code="T-32502" display="Apex of right ventricle" /> 
  <Code codingScheme="SNM3" code="T-41000" display="Artery" /> 
  <Code codingScheme="SNM3" code="T-42100" display="Ascending aorta" /> 
  <Code codingScheme="SNM3" code="T-47100" display="Axillary Artery" /> 
  <Code codingScheme="SNM3" code="T-49110" display="Axillary vein" /> 
  <Code codingScheme="SNM3" code="T-48340" display="Azygos vein" /> 
  <Code codingScheme="SRT" code="A-00203" display="Baffle" /> 
  <Code codingScheme="SNM3" code="T-45800" display="Basilar artery" /> 
  <Code codingScheme="SNM3" code="T-D00AB" display="Body conduit" /> 
  <Code codingScheme="SRT" code="T-49424" display="Boyd?s perforating vein" /> 
  <Code codingScheme="SNM3" code="T-47160" display="Brachial artery" /> 
  <Code codingScheme="SNM3" code="T-49350" display="Brachial vein" /> 
  <Code codingScheme="SNM3" code="T-45010" display="Carotid Artery" /> 
  <Code codingScheme="SNM3" code="T-49240" display="Cephalic vein" /> 
  <Code codingScheme="SNM3" code="T-45510" display="Cerebral artery" /> 
  <Code codingScheme="SNM3" code="D4-31320" display="Common atrium" /> 
  <Code codingScheme="SNM3" code="T-45100" display="Common carotid artery" /> 
  <Code codingScheme="SNM3" code="T-46710" display="Common iliac artery" /> 
  <Code codingScheme="SNM3" code="T-48920" display="Common iliac vein" /> 
  <Code codingScheme="SNM3" code="D4-31120" display="Common ventricle" /> 
  <Code codingScheme="SRT" code="D4-32504" display="Congenital coronary artery fistula to left atrium" /> 
  <Code codingScheme="SRT" code="D4-32506" display="Congenital coronary artery fistula to left ventricle" /> 
  <Code codingScheme="SRT" code="D4-32509" display="Congenital coronary artery fistula to right atrium" /> 
  <Code codingScheme="SRT" code="D4-32510" display="Congenital coronary artery fistula to right ventricle" /> 
  <Code codingScheme="SNM3" code="D3-40208" display="Congenital pulmonary arteriovenous fistula" /> 
  <Code codingScheme="SNM3" code="T-43000" display="Coronary artery" /> 
  <Code codingScheme="SNM3" code="T-48410" display="Coronary sinus" /> 
  <Code codingScheme="SNM3" code="T-42400" display="Descending aorta" /> 
  <Code codingScheme="SRT" code="T-49429" display="Dodd?s perforating vein" /> 
  <Code codingScheme="SNM3" code="T-45200" display="External carotid artery" /> 
  <Code codingScheme="SNM3" code="T-46910" display="External iliac artery" /> 
  <Code codingScheme="SNM3" code="T-48930" display="External iliac vein" /> 
  <Code codingScheme="SNM3" code="T-45240" display="Facial artery" /> 
  <Code codingScheme="SNM3" code="T-47400" display="Femoral artery" /> 
  <Code codingScheme="SNM3" code="T-49410" display="Femoral vein" /> 
  <Code codingScheme="SNM3" code="T-48820" display="Gastric vein" /> 
  <Code codingScheme="SRT" code="T-47490" display="Genicular artery" /> 
  <Code codingScheme="SNM3" code="T-48420" display="Great cardiac vein" /> 
  <Code codingScheme="SNM3" code="T-46420" display="Hepatic artery" /> 
  <Code codingScheme="SNM3" code="T-48720" display="Hepatic vein" /> 
  <Code codingScheme="SRT" code="T-4942A" display="Hunterian perforating vein" /> 
  <Code codingScheme="SNM3" code="T-46700" display="Iliac artery" /> 
  <Code codingScheme="SNM3" code="T-48470" display="Inferior cardiac vein" /> 
  <Code codingScheme="SNM3" code="T-48540" display="Inferior left pulmonary vein" /> 
  <Code codingScheme="SNM3" code="T-46520" display="Inferior mesenteric artery" /> 
  <Code codingScheme="SNM3" code="T-48520" display="Inferior right pulmonary vein" /> 
  <Code codingScheme="SNM3" code="T-48710" display="Inferior vena cava" /> 
  <Code codingScheme="SNM3" code="T-46010" display="Innominate artery" /> 
  <Code codingScheme="SNM3" code="T-48620" display="Innominate vein" /> 
  <Code codingScheme="SNM3" code="T-45300" display="Internal carotid artery" /> 
  <Code codingScheme="SNM3" code="T-48170" display="Internal jugular vein" /> 
  <Code codingScheme="SNM3" code="T-46740" display="Internal iliac artey" /> 
  <Code codingScheme="SNM3" code="T-46200" display="Internal mammary artery" /> 
  <Code codingScheme="SRT" code="D4-31052" display="Juxtaposed atrial appendage" /> 
  <Code codingScheme="SNM3" code="T-45410" display="Lacrimal artery" /> 
  <Code codingScheme="SRT" code="T-45416" display="Lacrimal artery of right eye" /> 
  <Code codingScheme="SNM3" code="T-32300" display="Left atrium" /> 
  <Code codingScheme="SNM3" code="T-32310" display="Left auricular appendage" /> 
  <Code codingScheme="SNM3" code="T-47420" display="Left femoral artery" /> 
  <Code codingScheme="SNM3" code="T-44400" display="Left pulmonary artery" /> 
  <Code codingScheme="SNM3" code="T-32600" display="Left ventricle" /> 
  <Code codingScheme="SNM3" code="T-32640" display="Left ventricle inflow" /> 
  <Code codingScheme="SRT" code="D4-31022" display="Left ventricle outflow chamber" /> 
  <Code codingScheme="SNM3" code="T-32650" display="Left ventricle outflow tract" /> 
  <Code codingScheme="SNM3" code="T-45230" display="Lingual artery" /> 
  <Code codingScheme="SNM3" code="T-46960" display="Lumbar artery" /> 
  <Code codingScheme="SNM3" code="T-46500" display="Mesenteric artery" /> 
  <Code codingScheme="SRT" code="T-4884A" display="Mesenteric vein" /> 
  <Code codingScheme="SNM3" code="T-45250" display="Occipital artery" /> 
  <Code codingScheme="SNM3" code="T-48214" display="Occipital vein" /> 
  <Code codingScheme="SNM3" code="T-45400" display="Ophthalmic artery" /> 
  <Code codingScheme="SNM3" code="D4-32012" display="Patent ductus arteriosus" /> 
  <Code codingScheme="SNM3" code="T-47630" display="Peroneal artery" /> 
  <Code codingScheme="SNM3" code="T-47500" display="Popliteal artery" /> 
  <Code codingScheme="SNM3" code="T-48810" display="Portal vein" /> 
  <Code codingScheme="SNM3" code="T-45320" display="Posterior communication artery" /> 
  <Code codingScheme="SRT" code="T-49535" display="Posterior medial tributary" /> 
  <Code codingScheme="SNM3" code="T-47600" display="Posterior tibial artery" /> 
  <Code codingScheme="SNM3" code="T-F7001" display="Primitive aorta" /> 
  <Code codingScheme="SNM3" code="T-F7040" display="Primitive pulmonary artery" /> 
  <Code codingScheme="SNM3" code="T-44000" display="Pulmonary artery" /> 
  <Code codingScheme="SRT" code="D4-33142" display="Pulmonary artery conduit" /> 
  <Code codingScheme="SRT" code="T-32190" display="Pulmonary chamber of cor triatriatum" /> 
  <Code codingScheme="SNM3" code="T-48500" display="Pulmonary vein" /> 
  <Code codingScheme="SRT" code="D4-33512" display="Pulmonary vein confluence" /> 
  <Code codingScheme="SRT" code="D4-33514" display="Pulmonary venous atrium" /> 
  <Code codingScheme="SNM3" code="T-47300" display="Radial artery" /> 
  <Code codingScheme="SNM3" code="T-46600" display="Renal artery" /> 
  <Code codingScheme="SNM3" code="T-48740" display="Renal vein" /> 
  <Code codingScheme="SNM3" code="T-32200" display="Right atrium" /> 
  <Code codingScheme="SNM3" code="T-32210" display="Right auricular appendage" /> 
  <Code codingScheme="SNM3" code="T-47410" display="Right femoral artery" /> 
  <Code codingScheme="SNM3" code="T-44200" display="Right pulmonary artery" /> 
  <Code codingScheme="SNM3" code="T-32500" display="Right ventricle" /> 
  <Code codingScheme="SNM3" code="T-32540" display="Right ventricle inflow" /> 
  <Code codingScheme="SRT" code="D4-31032" display="Right ventricle outflow chamber" /> 
  <Code codingScheme="SNM3" code="T-32550" display="Right ventricle outflow tract" /> 
  <Code codingScheme="SRT" code="T-D930A" display="Saphenofemoral junction" /> 
  <Code codingScheme="SNM3" code="T-49530" display="Saphenous vein" /> 
  <Code codingScheme="SNM3" code="T-46460" display="Splenic artery" /> 
  <Code codingScheme="SNM3" code="T-48890" display="Splenic vein" /> 
  <Code codingScheme="SNM3" code="T-46100" display="Subclavian artery" /> 
  <Code codingScheme="SNM3" code="T-48330" display="Subclavian vein" /> 
  <Code codingScheme="SNM3" code="T-45270" display="Superficial temporal artery" /> 
  <Code codingScheme="SNM3" code="T-48530" display="Superior left pulmonary vein" /> 
  <Code codingScheme="SNM3" code="T-46510" display="Superior mesenteric artery" /> 
  <Code codingScheme="SNM3" code="T-48510" display="Superior right pulmonary vein" /> 
  <Code codingScheme="SNM3" code="T-45210" display="Superior thyroid artery" /> 
  <Code codingScheme="SNM3" code="T-48610" display="Superior vena cava" /> 
  <Code codingScheme="SRT" code="T-44007" display="Systemic collateral artery to lung" /> 
  <Code codingScheme="SRT" code="D4-33516" display="Systemic venous atrium" /> 
  <Code codingScheme="SNM3" code="T-42070" display="Thoracic aorta" /> 
  <Code codingScheme="SNM3" code="D4-31400" display="Truncus arteriosus communis" /> 
  <Code codingScheme="SNM3" code="T-46400" display="Truncus coeliacus" /> 
  <Code codingScheme="SNM3" code="T-47200" display="Ulnar artery" /> 
  <Code codingScheme="SNM3" code="T-F1810" display="Umbilical artery" /> 
  <Code codingScheme="SNM3" code="T-48817" display="Umbilical vein" /> 
  <Code codingScheme="SNM3" code="T-48000" display="Vein" /> 
  <Code codingScheme="SNM3" code="T-48003" display="Venous network" /> 
  <Code codingScheme="SNM3" code="T-45700" display="Vertebral artery" /> 
 <!--  End of CID 3010 include 
  --> 
 <!--  CID 4031 already included above 
  --> 
 <!--  End of CID 4042 include 
  --> 
  <Code codingScheme="SNM3" code="T-32100" display="Atrium" /> 
  <Code codingScheme="SNM3" code="T-D8100" display="Axilla" /> 
  <Code codingScheme="SNM3" code="T-D2100" display="Back" /> 
  <Code codingScheme="SNM3" code="T-D6500" display="Broad ligament" /> 
  <Code codingScheme="SNM3" code="T-D1206" display="Buccal region of face" /> 
  <Code codingScheme="SNM3" code="T-D2600" display="Buttock" /> 
  <Code codingScheme="SNM3" code="T-72100" display="Calyx" /> 
  <Code codingScheme="SNM3" code="T-D1206" display="Cheek" /> 
  <Code codingScheme="SNM3" code="T-AA200" display="Cornea" /> 
  <Code codingScheme="SNM3" code="T-AB000" display="Ear" /> 
  <Code codingScheme="SNM3" code="T-41000" display="Endo-arterial" /> 
  <Code codingScheme="SNM3" code="T-32000" display="Endo-cardiac" /> 
  <Code codingScheme="SNM3" code="T-56000" display="Endo-esophageal" /> 
  <Code codingScheme="SNM3" code="T-21300" display="Endo-nasal" /> 
  <Code codingScheme="SNM3" code="T-23050" display="Endo-nasopharyngeal" /> 
  <Code codingScheme="SNM3" code="T-59600" display="Endo-rectal" /> 
  <Code codingScheme="SNM3" code="T-71000" display="Endo-renal" /> 
  <Code codingScheme="SNM3" code="T-73000" display="Endo-ureteric" /> 
  <Code codingScheme="SNM3" code="T-75000" display="Endo-urethral" /> 
  <Code codingScheme="SNM3" code="T-82000" display="Endo-vaginal" /> 
  <Code codingScheme="SNM3" code="T-40000" display="Endo-vascular" /> 
  <Code codingScheme="SNM3" code="T-48000" display="Endo-venous" /> 
  <Code codingScheme="SNM3" code="T-74250" display="Endo-vesical" /> 
  <Code codingScheme="SNM3" code="T-D4200" display="Epigastric region" /> 
  <Code codingScheme="SNM3" code="T-AA810" display="Eyelid" /> 
  <Code codingScheme="SNM3" code="T-D1200" display="Face" /> 
  <Code codingScheme="SNM3" code="T-D2310" display="Flank" /> 
  <Code codingScheme="SNM3" code="T-15200" display="Fontanel of skull" /> 
  <Code codingScheme="SNM3" code="T-D2600" display="Gluteal region" /> 
  <Code codingScheme="SNM3" code="T-D2500" display="Hip" /> 
  <Code codingScheme="SNM3" code="T-D4240" display="Hypogastric region" /> 
  <Code codingScheme="SNM3" code="T-D1212" display="Hypoglossal" /> 
  <Code codingScheme="SNM3" code="T-55300" display="Hypopharynx" /> 
  <Code codingScheme="SNM3" code="T-D4010" display="Intra-abdominal" /> 
  <Code codingScheme="SNM3" code="G-A15A" display="Intra-articular" /> 
  <Code codingScheme="SNM3" code="T-D14000" display="Intracranial" /> 
  <Code codingScheme="SNM3" code="T-56000" display="Intra-esophageal" /> 
  <Code codingScheme="SNM3" code="T-D6221" display="Intra-pelvic" /> 
  <Code codingScheme="SNM3" code="T-D3000" display="Intra-thoracic" /> 
  <Code codingScheme="SNM3" code="T-D4211" display="Left hypochondriac region" /> 
  <Code codingScheme="SNM3" code="T-D7020" display="Left inguinal region" /> 
  <Code codingScheme="SNM3" code="T-D4140" display="Left lower quadrant of abdomen" /> 
  <Code codingScheme="SNM3" code="T-D2340" display="Left lumbar region" /> 
  <Code codingScheme="SNM3" code="T-D4130" display="Left upper quadrant of abdomen" /> 
  <Code codingScheme="SNM3" code="T-04003" display="Lower inner quadrant of breast" /> 
  <Code codingScheme="SNM3" code="T-04005" display="Lower outer quadrant of breast" /> 
  <Code codingScheme="SNM3" code="T-D2300" display="Lumbar region" /> 
  <Code codingScheme="SNM3" code="T-28000" display="Lung" /> 
  <Code codingScheme="SNM3" code="T-51000" display="Mouth" /> 
  <Code codingScheme="SNM3" code="T-21000" display="Nose" /> 
  <Code codingScheme="SNM3" code="T-D4450" display="Omental bursa" /> 
  <Code codingScheme="SNM3" code="T-D4600" display="Omentum" /> 
  <Code codingScheme="SNM3" code="T-87000" display="Ovary" /> 
  <Code codingScheme="SNM3" code="T-65010" display="Pancreatic duct" /> 
  <Code codingScheme="SNM3" code="T-D3136" display="Parasternal" /> 
  <Code codingScheme="SNM3" code="T-91000" display="Penis" /> 
  <Code codingScheme="SNM3" code="T-D2700" display="Perineum" /> 
  <Code codingScheme="SNM3" code="T-D9310" display="Popliteal fossa" /> 
  <Code codingScheme="SNM3" code="T-72000" display="Renal pelvis" /> 
  <Code codingScheme="SNM3" code="T-D4900" display="Retroperitoneum" /> 
  <Code codingScheme="SNM3" code="T-D4212" display="Right hypochondriac region" /> 
  <Code codingScheme="SNM3" code="T-D7010" display="Right inguinal region" /> 
  <Code codingScheme="SNM3" code="T-D4120" display="Right lower quadrant of abdomen" /> 
  <Code codingScheme="SNM3" code="T-D2342" display="Right lumbar region" /> 
  <Code codingScheme="SNM3" code="T-D4110" display="Right upper quadrant of abdomen" /> 
  <Code codingScheme="SNM3" code="T-D1160" display="Scalp" /> 
  <Code codingScheme="SNM3" code="T-AA110" display="Sclera" /> 
  <Code codingScheme="SNM3" code="T-98000" display="Scrotum" /> 
  <Code codingScheme="SNM3" code="T-A7010" display="Spinal cord" /> 
  <Code codingScheme="SNM3" code="T-D4210" display="Subcostal" /> 
  <Code codingScheme="SNM3" code="T-D1603" display="Submandibular area" /> 
  <Code codingScheme="SNM3" code="T-D3213" display="Subxiphoid" /> 
  <Code codingScheme="SNM3" code="T-D1620" display="Supraclavicular region of neck" /> 
  <Code codingScheme="SNM3" code="T-D4240" display="Suprapubic region" /> 
  <Code codingScheme="SNM3" code="T-11218" display="Suprasternal notch" /> 
  <Code codingScheme="SNM3" code="T-D9100" display="Thigh" /> 
  <Code codingScheme="SNM3" code="T-D3000" display="Thorax" /> 
  <Code codingScheme="SNM3" code="T-53000" display="Tongue" /> 
  <Code codingScheme="SNM3" code="T-D4230" display="Umbilical region" /> 
  <Code codingScheme="SNM3" code="T-04002" display="Upper inner quadrant of breast" /> 
  <Code codingScheme="SNM3" code="T-04004" display="Upper outer quadrant of breast" /> 
  <Code codingScheme="SNM3" code="T-82000" display="Vagina" /> 
  <Code codingScheme="SNM3" code="A-04140" display="Vascular graft" /> 
  <Code codingScheme="SNM3" code="T-32400" display="Ventricle" /> 
  <Code codingScheme="SNM3" code="T-81000" display="Vulva" /> 
  <Code codingScheme="SNM3" code="T-15460" display="Wrist joint" /> 
 <!--  End of CID 4 
  --> 
 <!--  Acquisition Modality Codes: CID 29 
  --> 
  <Code codingScheme="DCM" code="EPS" display="Cardiac Electrophysiology" /> 
  <Code codingScheme="DCM" code="CR" display="Computed Radiography" /> 
  <Code codingScheme="DCM" code="CT" display="Computed Tomography" /> 
  <Code codingScheme="DCM" code="DX" display="Digital Radiography" /> 
  <Code codingScheme="DCM" code="ECG" display="Electrocardiography" /> 
  <Code codingScheme="DCM" code="ES" display="Endoscopy" /> 
  <Code codingScheme="DCM" code="XC" display="External-camera Photography" /> 
  <Code codingScheme="DCM" code="GM" display="General Microscopy" /> 
  <Code codingScheme="DCM" code="HD" display="Hemodynamic Waveform" /> 
  <Code codingScheme="DCM" code="IO" display="Intra-oral Radiography" /> 
  <Code codingScheme="DCM" code="IVUS" display="Intravascular Ultrasound" /> 
  <Code codingScheme="DCM" code="MR" display="Magnetic Resonance" /> 
  <Code codingScheme="DCM" code="MG" display="Mammography" /> 
  <Code codingScheme="DCM" code="NM" display="Nuclear Medicine" /> 
  <Code codingScheme="DCM" code="OCT" display="Optical Coherence Tomography" /> 
  <Code codingScheme="DCM" code="OPM" display="Ophthalmic Mapping" /> 
  <Code codingScheme="DCM" code="OP" display="Ophthalmic Photography" /> 
  <Code codingScheme="DCM" code="OPR" display="Ophthalmic Refraction" /> 
  <Code codingScheme="DCM" code="OPV" display="Ophthalmic Visual Field" /> 
  <Code codingScheme="DCM" code="PX" display="Panoramic X-Ray" /> 
  <Code codingScheme="DCM" code="PT" display="Positron emission tomography" /> 
  <Code codingScheme="DCM" code="RF" display="Radiofluoroscopy" /> 
  <Code codingScheme="DCM" code="RG" display="Radiographic imaging" /> 
  <Code codingScheme="DCM" code="RTIMAGE" display="Radiotherapy Image" /> 
  <Code codingScheme="DCM" code="REG" display="Registration" /> 
  <Code codingScheme="DCM" code="SEG" display="Segmentation" /> 
  <Code codingScheme="DCM" code="SM" display="Slide Microscopy" /> 
  <Code codingScheme="DCM" code="US" display="Ultrasound" /> 
  <Code codingScheme="DCM" code="XA" display="X-Ray Angiography" /> 
  <Code codingScheme="DCM" code="NONE" display="None" /> 
 <!--  End of CID 29 
  --> 
 <!-- 
  Codes for testing MPQ - since no patient id restrictions are used we need to have
		some really restricted codes that are not used elsewhere.  Do not submit metadata with 
		these codes unless you are testing MPQ 

  --> 
  <Code code="MPQ-eventcode-1" codingScheme="MPQ Testing" display="MPQ-eventcode-1" /> 
  <Code code="MPQ-eventcode-2" codingScheme="MPQ Testing" display="MPQ-eventcode-2" /> 
  </CodeType>
 <!-- 
 
		
		This section replaced by folderCodeList below.
		
		
	<CodeType name="codeList" classScheme="urn:uuid:1ba97051-7806-41a8-a48b-8fce7af683c5">
		<Code code="Anesthesia" display="Anesthesia" codingScheme="Connect-a-thon codeList" />
		<Code code="Cardiology" display="Cardiology" codingScheme="Connect-a-thon codeList" />
		<Code code="Case Manager" display="Case Manager" codingScheme="Connect-a-thon codeList" />
		<Code code="Chaplain" display="Chaplain" codingScheme="Connect-a-thon codeList" />
		<Code code="Chemotherapy" display="Chemotherapy" codingScheme="Connect-a-thon codeList" />
		<Code code="Chiropractic" display="Chiropractic" codingScheme="Connect-a-thon codeList" />
		<Code code="Critical Care" display="Critical Care" codingScheme="Connect-a-thon codeList" />
		<Code code="Dentistry" display="Dentistry" codingScheme="Connect-a-thon codeList" />
		<Code code="Diabetology" display="Diabetology" codingScheme="Connect-a-thon codeList" />
		<Code code="Dialysis" display="Dialysis" codingScheme="Connect-a-thon codeList" />
		<Code code="Emergency" display="Emergency" codingScheme="Connect-a-thon codeList" />
		<Code code="Endocrinology" display="Endocrinology" codingScheme="Connect-a-thon codeList" />
		<Code code="Gastroenterology" display="Gastroenterology"
			codingScheme="Connect-a-thon codeList" />
		<Code code="General Medicine" display="General Medicine"
			codingScheme="Connect-a-thon codeList" />
		<Code code="General Surgery" display="General Surgery"
			codingScheme="Connect-a-thon codeList" />
		<Code code="Gynecology" display="Gynecology" codingScheme="Connect-a-thon codeList" />
		<Code code="Labor and Delivery" display="Labor and Delivery"
			codingScheme="Connect-a-thon codeList" />
		<Code code="Laboratory" display="Laboratory" codingScheme="Connect-a-thon codeList" />
		<Code code="Multidisciplinary" display="Multidisciplinary"
			codingScheme="Connect-a-thon codeList" />
		<Code code="Neonatal Intensive Care" display="Neonatal Intensive Care"
			codingScheme="Connect-a-thon codeList" />
		<Code code="Neurosurgery" display="Neurosurgery" codingScheme="Connect-a-thon codeList" />
		<Code code="Nursery" display="Nursery" codingScheme="Connect-a-thon codeList" />
		<Code code="Nursing" display="Nursing" codingScheme="Connect-a-thon codeList" />
		<Code code="Obstetrics" display="Obstetrics" codingScheme="Connect-a-thon codeList" />
		<Code code="Occupational Therapy" display="Occupational Therapy"
			codingScheme="Connect-a-thon codeList" />
		<Code code="Ophthalmology" display="Ophthalmology" codingScheme="Connect-a-thon codeList" />
		<Code code="Optometry" display="Optometry" codingScheme="Connect-a-thon codeList" />
		<Code code="Orthopedics" display="Orthopedics" codingScheme="Connect-a-thon codeList" />
		<Code code="Otorhinolaryngology" display="Otorhinolaryngology"
			codingScheme="Connect-a-thon codeList" />
		<Code code="Pathology" display="Pathology" codingScheme="Connect-a-thon codeList" />
		<Code code="Perioperative" display="Perioperative" codingScheme="Connect-a-thon codeList" />
		<Code code="Pharmacacy" display="Pharmacacy" codingScheme="Connect-a-thon codeList" />
		<Code code="Physical Medicine" display="Physical Medicine"
			codingScheme="Connect-a-thon codeList" />
		<Code code="Plastic Surgery" display="Plastic Surgery"
			codingScheme="Connect-a-thon codeList" />
		<Code code="Podiatry" display="Podiatry" codingScheme="Connect-a-thon codeList" />
		<Code code="Psychiatry" display="Psychiatry" codingScheme="Connect-a-thon codeList" />
		<Code code="Pulmonary" display="Pulmonary" codingScheme="Connect-a-thon codeList" />
		<Code code="Radiology" display="Radiology" codingScheme="Connect-a-thon codeList" />
		<Code code="Social Services" display="Social Services"
			codingScheme="Connect-a-thon codeList" />
		<Code code="Speech Therapy" display="Speech Therapy"
			codingScheme="Connect-a-thon codeList" />
		<Code code="Thyroidology" display="Thyroidology" codingScheme="Connect-a-thon codeList" />
		<Code code="Tumor Board" display="Tumor Board" codingScheme="Connect-a-thon codeList" />
		<Code code="Urology" display="Urology" codingScheme="Connect-a-thon codeList" />
		<Code code="Veterinary Medicine" display="Veterinary Medicine"
			codingScheme="Connect-a-thon codeList" />
		<Code code="Blood Pressure" display="Blood Pressure"
			codingScheme="Connect-a-thon codeList" />
	</CodeType>
	
	

  --> 
 <CodeType name="typeCode" classScheme="urn:uuid:f0306f51-975f-434e-a61c-c59651d33983">
  <Code code="34096-8" display="Nursing Home Comprehensive History and Physical Note" codingScheme="LOINC" /> 
  <Code code="34121-4" display="Interventional Procedure Note" codingScheme="LOINC" /> 
  <Code code="18743-5" display="Autopsy Note" codingScheme="LOINC" /> 
  <Code code="34095-0" display="Comprehensive History and Physical Note" codingScheme="LOINC" /> 
  <Code code="34098-4" display="Conference Evaluation Note" codingScheme="LOINC" /> 
  <Code code="11488-4" display="Consultation Note" codingScheme="LOINC" /> 
  <Code code="28574-2" display="Discharge Note" codingScheme="LOINC" /> 
  <Code code="18842-5" display="Discharge Summarization Note" codingScheme="LOINC" /> 
  <Code code="34109-9" display="Evaluation And Management Note" codingScheme="LOINC" /> 
  <Code code="34117-2" display="History And Physical Note" codingScheme="LOINC" /> 
  <Code code="28636-9" display="Initial Evaluation Note" codingScheme="LOINC" /> 
  <Code code="28570-0" display="Procedure Note" codingScheme="LOINC" /> 
  <Code code="11506-3" display="Subsequent Visit Evaluation Note" codingScheme="LOINC" /> 
  <Code code="34133-9" display="Summarization of Episode Note" codingScheme="LOINC" /> 
  <Code code="11504-8" display="Surgical Operation Note" codingScheme="LOINC" /> 
  <Code code="34138-8" display="Targeted History And Physical Note" codingScheme="LOINC" /> 
  <Code code="34140-4" display="Transfer of Care Referral Note" codingScheme="LOINC" /> 
  <Code code="18761-7" display="Transfer Summarization Note" codingScheme="LOINC" /> 
  <Code code="34100-8" display="Critical Care Unit Consultation Note" codingScheme="LOINC" /> 
  <Code code="34126-3" display="Critical Care Unit Subsequent Visit Evaluation Note" codingScheme="LOINC" /> 
  <Code code="34111-5" display="Emergency Department Evaluation And Management Note" codingScheme="LOINC" /> 
  <Code code="15507-7" display="Emergency Department Subsequent Visit Evaluation Note" codingScheme="LOINC" /> 
  <Code code="34107-3" display="Home Health Education Procedure Note" codingScheme="LOINC" /> 
  <Code code="34118-0" display="Home Health Initial Evaluation Note" codingScheme="LOINC" /> 
  <Code code="34129-7" display="Home Health Subsequent Visit Evaluation Note" codingScheme="LOINC" /> 
  <Code code="34104-0" display="Hospital Consultation Note" codingScheme="LOINC" /> 
  <Code code="34105-7" display="Hospital Discharge Summarization Note" codingScheme="LOINC" /> 
  <Code code="34114-9" display="Hospital Group Counseling Note" codingScheme="LOINC" /> 
  <Code code="11492-6" display="Hospital History and Physical Note" codingScheme="LOINC" /> 
  <Code code="34130-5" display="Hospital Subsequent Visit Evaluation Note" codingScheme="LOINC" /> 
  <Code code="34112-3" display="Inpatient Evaluation And Management Note" codingScheme="LOINC" /> 
  <Code code="34097-6" display="Nursing Home Conference Evaluation Note" codingScheme="LOINC" /> 
  <Code code="34113-1" display="Nursing Home Evaluation And Management Note" codingScheme="LOINC" /> 
  <Code code="34119-8" display="Nursing Home Initial Evaluation Note" codingScheme="LOINC" /> 
  <Code code="24611-6" display="Outpatient Confirmatory Consultation Note" codingScheme="LOINC" /> 
  <Code code="34108-1" display="Outpatient Evaluation And Management" codingScheme="LOINC" /> 
  <Code code="34120-6" display="Outpatient Initial Evaluation Note" codingScheme="LOINC" /> 
  <Code code="34131-3" display="Outpatient Subsequent Visit Evaluation Note" codingScheme="LOINC" /> 
  <Code code="34137-0" display="Outpatient Surgical Operation Note" codingScheme="LOINC" /> 
  <Code code="34123-0" display="Anesthesia Hospital Pre-Operative Evaluation And Management Note" codingScheme="LOINC" /> 
  <Code code="28655-9" display="Attending Physician Discharge Summarization Note" codingScheme="LOINC" /> 
  <Code code="28654-2" display="Attending Physician Initial Evaluation Note" codingScheme="LOINC" /> 
  <Code code="18733-6" display="Attending Physician Subsequent Visit Evaluation Note" codingScheme="LOINC" /> 
  <Code code="34134-7" display="Attending Physician Outpatient Supervisory Note" codingScheme="LOINC" /> 
  <Code code="34135-4" display="Attending Physician Cardiology Outpatient Supervisory Note" codingScheme="LOINC" /> 
  <Code code="34136-2" display="Attending Physician Gastroenterology Outpatient Supervisory Note" codingScheme="LOINC" /> 
  <Code code="34099-2" display="Cardiology Consultation Note" codingScheme="LOINC" /> 
  <Code code="34094-3" display="Cardiology Hospital Admission History And Physical Note" codingScheme="LOINC" /> 
  <Code code="34124-8" display="Cardiology Outpatient Subsequent Visit Evaluation Note" codingScheme="LOINC" /> 
  <Code code="34125-5" display="Case Manager Home Health Care Subsequent Visit Evaluation Note" codingScheme="LOINC" /> 
  <Code code="28581-7" display="Chiropractor Initial Evaluation Note" codingScheme="LOINC" /> 
  <Code code="18762-5" display="Chiropractor Subsequent Visit Evaluation Note" codingScheme="LOINC" /> 
  <Code code="18763-3" display="Consulting Physician Initial Evaluation Note" codingScheme="LOINC" /> 
  <Code code="28569-2" display="Consulting Physician Subsequent Visit Evaluation Note" codingScheme="LOINC" /> 
  <Code code="34127-1" display="Dental Hygienist Outpatient Subsequent Visit Evaluation Note" codingScheme="LOINC" /> 
  <Code code="29761-4" display="Dentistry Discharge Summarization Note" codingScheme="LOINC" /> 
  <Code code="28572-6" display="Dentistry Initial Evaluation Note" codingScheme="LOINC" /> 
  <Code code="28577-5" display="Dentistry Procedure Note" codingScheme="LOINC" /> 
  <Code code="28617-9" display="Dentistry Subsequent Visit Evaluation Note" codingScheme="LOINC" /> 
  <Code code="28583-3" display="Dentistry Surgical Operation Note" codingScheme="LOINC" /> 
  <Code code="28618-7" display="Dentistry Visit Note" codingScheme="LOINC" /> 
  <Code code="34128-9" display="Dentistry Outpatient Subsequent Visit Evaluation Note" codingScheme="LOINC" /> 
  <Code code="34110-7" display="Diabetology Outpatient Evaluation And Management Note" codingScheme="LOINC" /> 
  <Code code="18748-4" display="Diagnostic Imaging Report" codingScheme="LOINC" /> 
  <Code code="34101-6" display="General Medicine Outpatient Consultation Note" codingScheme="LOINC" /> 
  <Code code="34115-6" display="Medical Student Hospital History and Physical Note" codingScheme="LOINC" /> 
  <Code code="28621-1" display="Nurse Practitioner Initial Evaluation Note" codingScheme="LOINC" /> 
  <Code code="18764-1" display="Nurse Practitioner Subsequent Visit Evaluation Note" codingScheme="LOINC" /> 
  <Code code="28622-9" display="Nursing Discharge Assessment Note" codingScheme="LOINC" /> 
  <Code code="29753-1" display="Nursing Initial Evaluation Note" codingScheme="LOINC" /> 
  <Code code="28623-7" display="Nursing Subsequent Visit Evaluation Note" codingScheme="LOINC" /> 
  <Code code="34139-6" display="Nursing Telephone Encounter Note" codingScheme="LOINC" /> 
  <Code code="28651-8" display="Nursing Transfer Summarization Note" codingScheme="LOINC" /> 
  <Code code="18734-4" display="Occupational Therapy Initial Evaluation Note" codingScheme="LOINC" /> 
  <Code code="11507-1" display="Occupational Therapy Subsequent Visit Evaluation Note" codingScheme="LOINC" /> 
  <Code code="34122-2" display="Pathology Pathology Procedure Note" codingScheme="LOINC" /> 
  <Code code="34132-1" display="Pharmacy Outpatient Subsequent Visit Evaluation Note" codingScheme="LOINC" /> 
  <Code code="18735-1" display="Physical Therapy Initial Evaluation Note" codingScheme="LOINC" /> 
  <Code code="11508-9" display="Physical Therapy Subsequent Visit Evaluation Note" codingScheme="LOINC" /> 
  <Code code="28579-1" display="Physical Therapy Visit Note" codingScheme="LOINC" /> 
  <Code code="11490-0" display="Physician Discharge Summarization Note" codingScheme="LOINC" /> 
  <Code code="28626-0" display="Physician History and Physical Note" codingScheme="LOINC" /> 
  <Code code="18736-9" display="Physician Initial Evaluation Note" codingScheme="LOINC" /> 
  <Code code="11505-5" display="Physician Procedure Note" codingScheme="LOINC" /> 
  <Code code="28573-4" display="Physician Surgical Operation Note" codingScheme="LOINC" /> 
  <Code code="28616-1" display="Physician Transfer Summarization Note" codingScheme="LOINC" /> 
  <Code code="28568-4" display="Physician Emergency Department Visit Note" codingScheme="LOINC" /> 
  <Code code="34106-5" display="Physician Hospital Discharge Summarization Note" codingScheme="LOINC" /> 
  <Code code="34116-4" display="Physician Nursing Home History and Physical Note" codingScheme="LOINC" /> 
  <Code code="18737-7" display="Podiatry Initial Evaluation Note" codingScheme="LOINC" /> 
  <Code code="28625-2" display="Podiatry Procedure Note" codingScheme="LOINC" /> 
  <Code code="11509-7" display="Podiatry Subsequent Visit Evaluation Note" codingScheme="LOINC" /> 
  <Code code="28624-5" display="Podiatry Surgical Operation Note" codingScheme="LOINC" /> 
  <Code code="28635-1" display="Psychiatry Initial Evaluation Note" codingScheme="LOINC" /> 
  <Code code="28627-8" display="Psychiatry Subsequent Visit Evaluation Note" codingScheme="LOINC" /> 
  <Code code="34102-4" display="Psychiatry Hospital Consultation Note" codingScheme="LOINC" /> 
  <Code code="18738-5" display="Psychology Initial Evaluation Note" codingScheme="LOINC" /> 
  <Code code="11510-5" display="Psychology Subsequent Visit Evaluation Note" codingScheme="LOINC" /> 
  <Code code="34103-2" display="Pulmonary Consultation Note" codingScheme="LOINC" /> 
  <Code code="18739-3" display="Social Service Initial Evaluation Note" codingScheme="LOINC" /> 
  <Code code="28656-7" display="Social Service Subsequent Visit Evaluation Note" codingScheme="LOINC" /> 
  <Code code="28653-4" display="Social Service Visit Note" codingScheme="LOINC" /> 
  <Code code="18740-1" display="Speech Therapy Initial Evaluation Note" codingScheme="LOINC" /> 
  <Code code="11512-1" display="Speech Therapy Subsequent Visit Evaluation Note" codingScheme="LOINC" /> 
  <Code code="Laboratory Report" display="Laboratory Report" codingScheme="Connect-a-thon TypeCode" /> 
 <!-- 
			<Code code="X-CCR" display="Continuity of Care Record"
			codingScheme="LOINC"/>
		

  --> 
  <Code code="34138-3" display="Remote Health Reading" codingScheme="LOINC" /> 
 <!--  Added for NHIN testing 18 July 08 
  --> 
  <Code code="34133-9" codingScheme="2.16.840.1.113883.6.1" display="SUMMARIZATION OF EPISODE NOTE" /> 
  <Code code="18717-9" codingScheme="2.16.840.1.113883.6.1" display="BLOOD BANK STUDIES" /> 
  <Code code="18718-7" codingScheme="2.16.840.1.113883.6.1" display="CELL MARKER STUDIES" /> 
  <Code code="18719-5" codingScheme="2.16.840.1.113883.6.1" display="CHEMISTRY STUDIES" /> 
  <Code code="18720-3" codingScheme="2.16.840.1.113883.6.1" display="COAGULATION STUDIES" /> 
  <Code code="18721-1" codingScheme="2.16.840.1.113883.6.1" display="THERAPEUTIC DRUG MONITORING STUDIES" /> 
  <Code code="18722-9" codingScheme="2.16.840.1.113883.6.1" display="FERTILITY STUDIES" /> 
  <Code code="18723-7" codingScheme="2.16.840.1.113883.6.1" display="HEMATOLOGY STUDIES" /> 
  <Code code="18724-5" codingScheme="2.16.840.1.113883.6.1" display="HLA STUDIES" /> 
  <Code code="18725-2" codingScheme="2.16.840.1.113883.6.1" display="MICROBIOLOGY STUDIES" /> 
  <Code code="18727-8" codingScheme="2.16.840.1.113883.6.1" display="SEROLOGY STUDIES" /> 
  <Code code="18728-6" codingScheme="2.16.840.1.113883.6.1" display="TOXICOLOGY STUDIES" /> 
  <Code code="18729-4" codingScheme="2.16.840.1.113883.6.1" display="URINALYSIS STUDIES" /> 
  <Code code="18767-4" codingScheme="2.16.840.1.113883.6.1" display="BLOOD GAS STUDIES" /> 
  <Code code="18768-2" codingScheme="2.16.840.1.113883.6.1" display="CELL COUNTS+DIFFERENTIAL STUDIES" /> 
  <Code code="18769-0" codingScheme="2.16.840.1.113883.6.1" display="MICROBIAL SUSCEPTIBILITY TESTS" /> 
  <Code code="26435-8" codingScheme="2.16.840.1.113883.6.1" display="MOLECULAR PATHOLOGY STUDIES" /> 
  <Code code="26436-6" codingScheme="2.16.840.1.113883.6.1" display="LABORATORY STUDIES" /> 
  <Code code="26437-4" codingScheme="2.16.840.1.113883.6.1" display="CHEMISTRY CHALLENGE STUDIES" /> 
  <Code code="26438-2" codingScheme="2.16.840.1.113883.6.1" display="CYTOLOGY STUDIES" /> 
  <Code code="11502-2" codingScheme="2.16.840.1.113883.6.1" display="LABORATORY REPORT.TOTAL" /> 
  </CodeType>
 <!-- 
		This section is used to validate mime type requests and to map mime
		types into repository file types. The mapping from repository file
		types back into mime types is done in /usr/local/tomcat1/conf/web.xml
	

  --> 
 <CodeType name="mimeType">
  <Code code="application/pdf" ext="pdf" /> 
 <!-- 
			used only by ACC, I think, now obsolete <Code
			code="text/x-cda-r2+xml"/>
		

  --> 
  <Code code="text/xml" ext="xml" /> 
  <Code code="application/x-hl7" ext="hl7" /> 
  <Code code="application/dicom" ext="dicom" /> 
  <Code code="text/plain" ext="txt" /> 
  <Code code="multipart/related" ext="mpr" /> 
  <Code code="image/tiff" ext="tiff" /> 
  <Code code="image/jpeg" ext="jpeg" /> 
  <Code code="image/gif" ext="gif" /> 
  <Code code="text/goofy" ext="gfy" /> 
 <!--   fake mimetype for testing 
  --> 
  </CodeType>
 <!-- 
		This section is used to validate XDSFolder.folderCodeList attribute. 
		As of TF 6, this attribute is no longer tied to the DocumentEntry 
		objects it contains.  This attribute is separately controlled by
		Affinity Domain configuration. 
	 

  --> 
<CodeType name="folderCodeList" classScheme="urn:uuid:1ba97051-7806-41a8-a48b-8fce7af683c5">
  <Code code="Referrals" codingScheme="Connect-a-thon folderCodeList" display="Referrals" /> 
  <Code code="Alergy Treatments" codingScheme="Connect-a-thon folderCodeList" display="Alergy Treatments" /> 
  </CodeType>
<CodeType name="associationDocumentation" classScheme="urn:uuid:abd807a3-4432-4053-87b4-fd82c643d1f3">
  <Code code="Additional_Information" codingScheme="Connect-a-thon associationDocumentation" display="Additional Information" /> 
  <Code code="Corrected_Information" codingScheme="Connect-a-thon associationDocumentation" display="Corrected Information" /> 
  </CodeType>

</Codes>