<?xml version="1.0" encoding="UTF-8"?>
<!--

     Copyright (c) 2009-2010 Misys Open Source Solutions (MOSS) and others

     Licensed under the Apache License, Version 2.0 (the "License");
     you may not use this file except in compliance with the License.
     You may obtain a copy of the License at

        http://www.apache.org/licenses/LICENSE-2.0

     Unless required by applicable law or agreed to in writing, software
     distributed under the License is distributed on an "AS IS" BASIS,
     WITHOUT WARRANTIES OR CONDITIONS OF ANY KIND, either express or
     implied. See the License for the specific language governing
     permissions and limitations under the License.

     Contributors:
       Misys Open Source Solutions - initial API and implementation


-->
<!-- The XDS Registry Actor Connections -->
<Configuration>
	<StandardConnection name="xds-registry">
		<!--The host name of the Registry Server-->
		<HostName>localhost</HostName>
		<!--The port-->
		<Port>8010</Port>
		
		<Property name="sourceIds" value="1.3.6.1.4.1.21367.2010.1.2, 1.3.6.1.4.1.21367.2009.1.2"/>
	
        <Includefile name="XdsCodes.xml" />		
		
        <Identifier type="domain" name="GLOBAL">
			<NamespaceId>IHENA</NamespaceId>
			<UniversalId>1.3.6.1.4.1.21367.2010.1.2.300</UniversalId>
			<UniversalIdType>ISO</UniversalIdType>
        </Identifier>
	</StandardConnection>
	<SecureConnection name="secure-xds-registry">
		<!--The host name of the XDS Registry Server-->
		<HostName>localhost</HostName>
		<!--The port for TLS transaction-->
		<Port>8011</Port>

   		<Property name="sourceIds" value="1.3.6.1.4.1.21367.2010.1.2"/>
   
        <Includefile name="XdsCodes.xml" />		

        <Identifier type="domain" name="GLOBAL">
			<NamespaceId>IHENA</NamespaceId>
			<UniversalId>1.3.6.1.4.1.21367.2010.1.2.300</UniversalId>
			<UniversalIdType>ISO</UniversalIdType>
        </Identifier>

		<!-- Trust and Keystore -->
		<KeyStore>certs/OpenXDS_2010_Keystore.p12</KeyStore>
		<KeyPass>password</KeyPass>
		<TrustStore>certs/OpenXDS_2010_Truststore.jks</TrustStore>
		<TrustPass>password</TrustPass>
	</SecureConnection>

    <StandardConnection name="pix-registry">
        <!--The host name of the PIX Registry Server-->
        <HostName>localhost</HostName>
        <!--The port for PIX Feed transaction-->
        <Port>3602</Port>
        <Identifier name="ReceivingApplication">
            <NamespaceId>PAT_IDENTITY_X_REF_MGR_MISYS</NamespaceId>
            <!-- NamespaceId>MESA_XREF</NamespaceId-->
        </Identifier>
        <Identifier name="ReceivingFacility">
            <NamespaceId>ALLSCRIPTS</NamespaceId>
            <!-- NamespaceId>XYZ_HOSPITAL</NamespaceId-->
        </Identifier>
     
        <!-- If test is true, it will by pass the receiving application
             and receiving facility validation -->
        <Property name="test" value="true"/>

        <Identifier type="domain" name="GLOBAL">
			<NamespaceId>IHENA</NamespaceId>
			<UniversalId>1.3.6.1.4.1.21367.2010.1.2.300</UniversalId>
			<UniversalIdType>ISO</UniversalIdType>
        </Identifier>

    </StandardConnection>

    <SecureConnection name="secure-pix-registry">
        <!--The host name of the PIX Manager Server-->
        <HostName>localhost</HostName>
        <!--The port for PIX TLS transaction-->
        <Port>3612</Port>
        <Identifier name="ReceivingApplication">
            <NamespaceId>PAT_IDENTITY_X_REF_MGR_MISYS_TLS</NamespaceId>
        </Identifier>
        <Identifier name="ReceivingFacility">
            <NamespaceId>ALLSCRIPTS</NamespaceId>
        </Identifier>
     
        <!-- If test is true, it will by pass some receiving application
             and receiving facility validation -->
        <Property name="test" value="true"/>

	    <Identifier type="domain" name="GLOBAL">
			<NamespaceId>IHENA</NamespaceId>
			<UniversalId>1.3.6.1.4.1.21367.2010.1.2.300</UniversalId>
			<UniversalIdType>ISO</UniversalIdType>
        </Identifier>

		<!-- Trust and Keystore -->
		<KeyStore>certs/OpenXDS_2010_Keystore.p12</KeyStore>
		<KeyPass>password</KeyPass>
		<TrustStore>certs/OpenXDS_2010_Truststore.jks</TrustStore>
		<TrustPass>password</TrustPass>
    </SecureConnection>

</Configuration>